entity,year,population,birth_rate_per_1000,death_rate_per_1000,tfr,births_estimated,deaths_estimated
China,1950,544044355.0,40.977,23.094,5.813,22293305.535,12564160.334
China,1951,553758251.0,39.99,22.414,5.699,22144792.457,12411937.438
China,1952,565131435.0,45.116,22.048,6.472,25496469.821,12460017.879
China,1953,577557140.0,41.796,21.313,6.042,24139578.223,12309475.325
China,1954,590113859.0,43.108,20.582,6.278,25438628.234,12145723.446
China,1955,603547014.0,42.627,20.128,6.263,25727398.566,12148194.298
China,1956,616558585.0,39.516,19.327,5.854,24363929.045,11916227.772
China,1957,630356210.0,42.942,18.906,6.425,27068756.37,11917514.506
China,1958,644219478.0,37.697,18.169,5.698,24285141.662,11704823.696
China,1959,652708211.0,31.117,24.364,4.718,20310321.402,15902582.853
China,1960,654802068.0,29.491,29.789,4.451,19310767.787,19505898.804
China,1961,655773484.0,25.74,22.414,3.863,16879609.478,14698506.87
China,1962,665073690.0,40.336,15.562,6.085,26826412.36,10349876.764
China,1963,684552646.0,48.88,15.948,7.513,33460933.336,10917245.598
China,1964,704798263.0,42.667,15.384,6.672,30071627.487,10842616.478
China,1965,723415737.0,41.559,14.759,6.605,30064434.614,10676892.862
China,1966,742402206.0,39.343,14.138,6.307,29208329.991,10496082.388
China,1967,761026025.0,36.099,13.387,5.806,27472278.476,10187855.397
China,1968,781011030.0,40.524,13.026,6.508,31649690.98,10173449.677
China,1969,802140341.0,38.536,12.49,6.175,30911280.181,10018732.859
China,1970,823308964.0,38.214,11.925,6.085,31461928.75,9817959.396
China,1971,844069870.0,35.152,11.239,5.523,29670744.07,9486501.269
China,1972,863677810.0,33.11,10.616,5.112,28596372.289,9168803.631
China,1973,882576945.0,31.314,10.011,4.726,27637014.456,8835477.796
China,1974,900307580.0,28.428,9.49,4.17,25593943.884,8543918.934
China,1975,916116796.0,25.215,8.995,3.571,23099885.011,8240470.58
China,1976,930372293.0,23.661,8.804,3.235,22013538.825,8190997.668
China,1977,943546374.0,21.54,8.19,2.844,20323988.896,7727644.803
China,1978,956161482.0,21.178,7.938,2.716,20249587.866,7590009.844
China,1979,969288071.0,21.821,7.773,2.745,21150834.997,7534276.176
China,1980,983163540.0,22.046,7.636,2.739,21674823.403,7507436.791
China,1981,997721072.0,22.541,7.511,2.792,22489630.684,7493882.972
China,1982,1013588177.0,24.026,7.449,2.972,24352469.541,7550218.33
China,1983,1029064952.0,21.07,7.241,2.559,21682398.539,7451459.317
China,1984,1043849645.0,21.947,7.162,2.607,22909368.159,7476051.157
China,1985,1059807818.0,22.774,7.116,2.633,24136063.247,7541592.433
China,1986,1077233607.0,24.177,7.1,2.721,26044276.916,7648358.61
China,1987,1096217445.0,25.138,7.058,2.76,27556714.132,7737102.727
China,1988,1115244168.0,23.71,6.955,2.539,26442439.223,7756523.188
China,1989,1133991006.0,24.016,6.905,2.52,27233928.0,7830207.896
China,1990,1153582725.0,24.341,6.913,2.514,28079357.109,7974717.378
China,1991,1170788533.0,19.342,6.647,1.934,22645391.805,7782231.379
China,1992,1184574236.0,17.784,6.476,1.776,21066468.213,7671302.752
China,1993,1197308574.0,16.874,6.359,1.691,20203384.878,7613685.222
China,1994,1209003099.0,16.153,6.313,1.628,19529027.058,7632436.564
China,1995,1220133929.0,15.575,6.187,1.588,19003585.944,7548968.619
China,1996,1230944809.0,14.872,6.111,1.554,18306611.199,7522303.728
China,1997,1241139623.0,14.243,6.076,1.527,17677551.65,7541164.349
China,1998,1250847122.0,13.74,6.066,1.522,17186639.456,7587638.642
China,1999,1260176650.0,13.381,6.083,1.53,16862423.754,7665654.562
China,2000,1269581174.0,13.824,6.128,1.628,17550690.149,7779993.434
China,2001,1278725061.0,12.971,6.124,1.563,16586342.766,7830912.274
China,2002,1286866835.0,12.73,6.152,1.566,16381814.81,7916804.769
China,2003,1294517323.0,12.531,6.189,1.57,16221596.575,8011767.712
China,2004,1302100316.0,12.642,6.237,1.605,16461152.195,8121199.671
China,2005,1310027135.0,12.674,6.271,1.624,16603283.909,8215180.164
China,2006,1318054030.0,12.798,6.327,1.644,16868455.476,8339327.848
China,2007,1325813576.0,12.975,6.344,1.666,17202431.149,8410961.326
China,2008,1333821011.0,13.28,6.51,1.701,17713143.026,8683174.782
China,2009,1342522717.0,13.431,6.492,1.714,18031422.612,8715657.479
China,2010,1351561505.0,13.253,6.503,1.687,17912244.626,8789204.467
China,2011,1360250658.0,13.104,6.594,1.668,17824724.622,8969492.839
China,2012,1369520866.0,14.053,6.634,1.798,19245876.73,9085401.425
China,2013,1379008040.0,13.268,6.697,1.714,18296678.675,9235216.844
China,2014,1387951970.0,13.523,6.761,1.769,18769274.49,9383943.269
China,2015,1396134171.0,12.548,6.82,1.67,17518691.578,9521635.046
China,2016,1404052628.0,13.055,6.9,1.772,18329907.059,9687963.133
China,2017,1412354730.0,12.929,7.115,1.795,18260334.304,10048903.904
China,2018,1419008954.0,10.822,7.024,1.539,15356514.9,9967118.893
China,2019,1423520357.0,10.267,7.115,1.496,14615283.505,10128347.34
China,2020,1426106093.0,8.305,7.301,1.236,11843811.102,10412000.585
China,2021,1426437269.0,7.334,7.543,1.117,10461490.931,10759616.32
China,2022,1425179562.0,6.634,7.717,1.034,9454641.214,10998110.68
China,2023,1422584930.0,6.256,8.213,0.999,8899691.322,11683690.03
India,1950,346278818.0,44.149,22.676,5.732,15287863.536,7852218.477
India,1951,353870058.0,44.263,22.531,5.772,15663350.377,7973046.277
India,1952,361874906.0,44.443,22.242,5.821,16082806.447,8048821.659
India,1953,370104570.0,44.585,22.074,5.865,16501112.253,8169688.278
India,1954,378687141.0,44.637,21.448,5.906,16903457.913,8122081.8
India,1955,387700892.0,44.415,21.07,5.911,17219735.118,8168857.794
India,1956,396988905.0,44.148,20.737,5.913,17526266.178,8232358.923
India,1957,406253895.0,43.878,20.489,5.913,17825608.405,8323736.055
India,1958,415777436.0,43.421,20.142,5.903,18053472.049,8374589.116
India,1959,425780669.0,43.029,19.718,5.892,18320916.406,8395543.231
India,1960,435990342.0,42.902,19.421,5.921,18704857.652,8467368.432
India,1961,446564731.0,42.67,19.227,5.937,19054917.072,8586100.083
India,1962,457283091.0,42.475,18.981,5.953,19423099.29,8679690.35
India,1963,468138576.0,42.261,18.728,5.969,19784004.36,8767299.251
India,1964,479229599.0,42.061,18.512,5.979,20156876.164,8871498.337
India,1965,490140142.0,41.65,19.359,5.941,20414336.914,9488623.009
India,1966,500740250.0,41.205,19.058,5.881,20633002.001,9543107.684
India,1967,511606377.0,40.831,18.783,5.825,20889399.979,9609502.579
India,1968,522716893.0,40.485,17.515,5.76,21162193.413,9155386.381
India,1969,533880545.0,40.058,17.267,5.684,21386186.872,9218515.371
India,1970,545864271.0,39.763,17.014,5.624,21705201.008,9287334.707
India,1971,558096385.0,39.724,16.812,5.565,22169820.798,9382716.425
India,1972,570482138.0,39.458,16.597,5.482,22510084.201,9468292.044
India,1973,583465599.0,39.299,16.311,5.402,22929614.575,9516907.385
India,1974,597041391.0,39.0,15.893,5.325,23284614.249,9488778.827
India,1975,611309536.0,38.362,15.528,5.195,23451056.42,9492414.475
India,1976,625861887.0,38.244,15.179,5.13,23935462.006,9499957.583
India,1977,640801106.0,37.563,14.817,5.007,24070411.945,9494749.988
India,1978,655728226.0,37.149,14.429,4.888,24359647.868,9461502.573
India,1979,671155746.0,37.001,14.066,4.808,24833433.758,9440476.723
India,1980,687354029.0,37.057,13.752,4.775,25471278.253,9452492.607
India,1981,703696251.0,36.761,13.424,4.698,25868577.883,9446418.473
India,1982,720313473.0,36.403,13.093,4.62,26221571.358,9431064.302
India,1983,737372683.0,36.125,12.773,4.565,26637588.173,9418461.28
India,1984,754875449.0,35.917,12.471,4.516,27112861.502,9414051.724
India,1985,772647800.0,35.42,12.164,4.432,27367185.076,9398487.839
India,1986,790689977.0,35.22,11.879,4.399,27848100.99,9392606.237
India,1987,808931268.0,34.442,11.577,4.311,27861210.732,9364997.29
India,1988,827342994.0,33.892,11.286,4.222,28040308.753,9337393.03
India,1989,846039528.0,33.279,11.0,4.132,28155349.452,9306434.808
India,1990,864972221.0,32.569,10.726,4.045,28171280.266,9277692.042
India,1991,883927605.0,32.023,10.472,3.959,28306013.695,9256489.88
India,1992,902957075.0,31.414,10.225,3.877,28365493.554,9232736.092
India,1993,922118380.0,30.771,10.001,3.799,28374504.671,9222105.918
India,1994,941163772.0,30.295,9.777,3.723,28512556.473,9201758.199
India,1995,960301046.0,29.77,9.572,3.651,28588162.139,9192001.612
India,1996,979678460.0,29.217,9.371,3.582,28623265.566,9180566.849
India,1997,999133764.0,28.685,9.174,3.514,28660152.02,9166053.151
India,1998,1018665080.0,28.199,8.988,3.446,28725336.591,9155761.739
India,1999,1038225822.0,27.73,8.805,3.383,28790002.044,9141578.363
India,2000,1057922731.0,27.518,8.628,3.35,29111917.712,9127757.323
India,2001,1077898579.0,27.206,8.482,3.303,29325308.74,9142735.747
India,2002,1097600380.0,26.538,8.294,3.217,29128118.884,9103497.552
India,2003,1116803000.0,25.783,8.125,3.122,28794531.749,9074024.375
India,2004,1135991509.0,25.121,7.982,3.046,28537242.698,9067484.225
India,2005,1154676321.0,24.304,7.819,2.958,28063253.306,9028414.154
India,2006,1172878888.0,23.564,7.67,2.867,27637718.117,8995981.071
India,2007,1190676028.0,22.932,7.536,2.775,27304582.674,8972934.547
India,2008,1207930960.0,22.506,7.41,2.711,27185694.186,8950768.414
India,2009,1225524764.0,22.211,7.29,2.674,27220130.533,8934075.53
India,2010,1243481565.0,21.633,7.164,2.598,26900236.696,8908301.932
India,2011,1261224956.0,21.156,7.048,2.532,26682475.169,8889113.49
India,2012,1278674501.0,20.672,6.945,2.47,26432759.285,8880394.409
India,2013,1295829507.0,20.061,6.859,2.399,25995635.74,8888094.589
India,2014,1312277184.0,19.089,6.77,2.293,25050059.165,8884116.536
India,2015,1328024494.0,18.936,6.729,2.289,25147471.818,8936276.82
India,2016,1343944296.0,18.756,6.7,2.284,25207019.216,9004426.783
India,2017,1359657398.0,17.995,6.673,2.193,24467034.877,9072993.817
India,2018,1374659067.0,17.91,6.67,2.184,24620143.89,9168975.977
India,2019,1389030307.0,17.368,6.67,2.12,24124678.372,9264832.148
India,2020,1402617694.0,16.744,7.214,2.047,23485430.668,10118484.045
India,2021,1414203896.0,16.491,9.259,2.014,23321636.449,13094113.873
India,2022,1425423209.0,16.336,6.576,1.994,23285713.542,9373583.022
India,2023,1438069597.0,16.146,6.611,1.975,23219071.713,9507078.106
Japan,1950,86443278.0,28.476,10.91,3.615,2461558.784,943096.163
Japan,1951,87849929.0,25.604,9.959,3.225,2249309.582,874897.443
Japan,1952,89135133.0,23.663,8.986,2.947,2109204.652,800968.305
Japan,1953,90324185.0,21.761,8.965,2.673,1965544.59,809756.319
Japan,1954,91407673.0,20.39,8.266,2.468,1863802.452,755575.825
Japan,1955,92425476.0,19.674,7.858,2.349,1818378.815,726279.39
Japan,1956,93342005.0,18.727,8.128,2.206,1748015.728,758683.817
Japan,1957,94108980.0,17.493,8.367,2.036,1646248.387,787409.836
Japan,1958,94846958.0,18.203,7.57,2.097,1726499.176,717991.472
Japan,1959,95622973.0,17.756,7.552,2.035,1697881.509,722144.692
Japan,1960,96399755.0,17.34,7.684,1.981,1671571.752,740735.717
Japan,1961,97217594.0,16.898,7.495,1.928,1642782.903,728645.867
Japan,1962,98076405.0,16.946,7.571,1.928,1662002.759,742536.462
Japan,1963,98958230.0,17.198,7.072,1.951,1701883.64,699832.603
Japan,1964,99890175.0,17.67,7.025,1.998,1765059.392,701728.479
Japan,1965,100916018.0,18.532,7.238,2.089,1870175.646,730430.138
Japan,1966,101887833.0,14.528,6.818,1.632,1480226.438,694671.245
Japan,1967,102965530.0,19.195,6.849,2.158,1976423.348,705210.915
Japan,1968,104237476.0,18.37,6.862,2.065,1914842.434,715277.56
Japan,1969,105475169.0,18.064,6.849,2.026,1905303.453,722399.432
Japan,1970,106712370.0,18.295,6.971,2.035,1952302.809,743891.931
Japan,1971,107952031.0,19.078,6.618,2.089,2059508.847,714426.541
Japan,1972,109238963.0,19.455,6.542,2.114,2125244.025,714641.296
Japan,1973,110614742.0,19.747,6.642,2.145,2184309.31,734703.116
Japan,1974,112009689.0,18.919,6.553,2.065,2119111.306,733999.492
Japan,1975,113321197.0,17.398,6.385,1.921,1971562.185,723555.843
Japan,1976,114502792.0,16.356,6.312,1.841,1872807.666,722741.623
Japan,1977,115574278.0,15.45,6.132,1.789,1785622.595,708701.473
Japan,1978,116576940.0,14.925,6.128,1.786,1739910.829,714383.488
Japan,1979,117521561.0,14.267,6.018,1.769,1676680.111,707244.754
Japan,1980,118358761.0,13.491,6.267,1.739,1596778.045,741754.355
Japan,1981,118994054.0,12.825,6.216,1.718,1526098.743,739667.04
Japan,1982,119485775.0,12.52,6.125,1.738,1495961.903,731850.372
Japan,1983,119948943.0,12.356,6.349,1.77,1482089.14,761555.839
Japan,1984,120384395.0,12.095,6.332,1.78,1456049.258,762273.989
Japan,1985,120832158.0,11.508,6.404,1.736,1390536.474,773809.14
Japan,1986,121366733.0,11.018,6.357,1.698,1337218.664,771528.322
Japan,1987,121943588.0,10.665,6.302,1.666,1300528.366,768488.492
Japan,1988,122476957.0,10.317,6.598,1.625,1263594.765,808102.962
Japan,1989,122947411.0,9.784,6.506,1.547,1202917.469,799895.856
Japan,1990,123399767.0,9.537,6.734,1.509,1176863.578,830974.031
Japan,1991,123889870.0,9.556,6.744,1.504,1183891.598,835513.283
Japan,1992,124383707.0,9.455,6.986,1.478,1176047.95,868944.577
Japan,1993,124839955.0,9.311,7.183,1.44,1162384.821,896725.397
Japan,1994,125286861.0,9.606,7.171,1.468,1203505.587,898432.08
Japan,1995,125672659.0,9.339,7.551,1.407,1173656.962,948954.248
Japan,1996,125975304.0,9.448,7.321,1.403,1190214.672,922265.201
Japan,1997,126265926.0,9.388,7.448,1.376,1185384.513,940428.617
Japan,1998,126549182.0,9.463,7.628,1.371,1197534.909,965317.16
Japan,1999,126801566.0,9.333,7.995,1.34,1183439.015,1013778.52
Japan,2000,127027794.0,9.424,7.83,1.346,1197109.931,994627.627
Japan,2001,127260144.0,9.279,7.87,1.325,1180846.876,1001537.333
Japan,2002,127484599.0,9.127,7.957,1.308,1163551.935,1014394.954
Japan,2003,127671254.0,8.913,8.22,1.285,1137933.887,1049457.708
Japan,2004,127815769.0,8.768,8.324,1.277,1120688.663,1063938.461
Japan,2005,127913331.0,8.434,8.776,1.245,1078821.034,1122567.393
Japan,2006,127997247.0,8.56,8.807,1.285,1095656.434,1127271.754
Japan,2007,128087683.0,8.54,8.975,1.305,1093868.813,1149586.955
Japan,2008,128155992.0,8.537,9.227,1.33,1094067.704,1182495.338
Japan,2009,128192471.0,8.383,9.216,1.333,1074637.484,1181421.813
Japan,2010,128185273.0,8.352,9.639,1.357,1070603.4,1235577.846
Japan,2011,128096430.0,8.202,10.093,1.363,1050646.919,1292877.268
Japan,2012,127928283.0,8.108,10.137,1.376,1037242.519,1296809.005
Japan,2013,127723642.0,8.013,10.237,1.389,1023449.543,1307506.923
Japan,2014,127486601.0,7.832,10.3,1.388,998475.059,1313111.99
Japan,2015,127275868.0,7.816,10.44,1.415,994788.184,1328760.062
Japan,2016,127159950.0,7.612,10.613,1.408,967941.539,1349548.549
Japan,2017,127064686.0,7.378,10.889,1.39,937483.253,1383607.366
Japan,2018,126913432.0,7.178,11.113,1.373,910984.615,1410388.97
Japan,2019,126699421.0,6.825,11.303,1.323,864723.548,1432083.556
Japan,2020,126304533.0,6.656,11.269,1.304,840682.972,1423325.782
Japan,2021,125679342.0,6.45,11.819,1.275,810631.756,1485404.143
Japan,2022,124997585.0,6.293,12.923,1.256,786609.802,1615343.791
Japan,2023,124370947.0,6.029,12.257,1.208,749832.439,1524414.697
United States,1950,154202683.0,23.981,9.596,3.086,3697934.541,1479728.946
United States,1951,156481323.0,24.352,9.603,3.197,3810633.178,1502690.145
United States,1952,158794223.0,24.561,9.509,3.29,3900144.911,1509974.267
United States,1953,161168320.0,24.539,9.436,3.358,3954909.404,1520784.268
United States,1954,163636303.0,24.87,9.027,3.475,4069634.856,1477144.907
United States,1955,166200028.0,24.638,9.101,3.515,4094836.29,1512586.455
United States,1956,168824962.0,24.905,9.13,3.624,4204585.679,1541371.903
United States,1957,171499234.0,24.991,9.331,3.703,4285937.357,1600259.352
United States,1958,174215305.0,24.944,9.22,3.754,4345626.568,1606265.112
United States,1959,177145772.0,24.552,9.072,3.747,4349282.994,1607066.444
United States,1960,180274556.0,24.246,9.23,3.732,4370936.885,1663934.152
United States,1961,183489491.0,23.866,9.044,3.691,4379160.192,1659478.957
United States,1962,186724275.0,22.86,9.237,3.533,4268516.927,1724772.128
United States,1963,189825225.0,22.049,9.442,3.39,4185456.386,1792329.774
United States,1964,192819457.0,21.397,9.275,3.258,4125757.921,1788400.464
United States,1965,195653774.0,19.908,9.339,2.983,3895075.333,1827210.595
United States,1966,198265400.0,18.896,9.45,2.769,3746422.998,1873608.03
United States,1967,200699913.0,18.162,9.328,2.605,3645111.82,1872128.788
United States,1968,203011020.0,17.878,9.656,2.508,3629431.016,1960274.409
United States,1969,205300034.0,18.258,9.536,2.504,3748368.021,1957741.124
United States,1970,207796338.0,18.74,9.436,2.515,3894103.374,1960766.245
United States,1971,210426423.0,17.67,9.362,2.318,3718234.894,1970012.172
United States,1972,212842571.0,16.057,9.4,2.057,3417613.163,2000720.167
United States,1973,215006548.0,15.357,9.337,1.921,3301855.558,2007516.139
United States,1974,217076475.0,15.304,9.061,1.872,3322138.373,1966929.94
United States,1975,219129299.0,15.102,8.767,1.815,3309290.673,1921106.564
United States,1976,221168755.0,15.081,8.751,1.785,3335445.994,1935447.775
United States,1977,223259417.0,15.631,8.605,1.826,3489767.947,1921147.283
United States,1978,225396097.0,15.6,8.63,1.804,3516179.113,1945168.317
United States,1979,227575082.0,16.059,8.471,1.843,3654628.242,1927788.52
United States,1980,229858656.0,16.293,8.719,1.861,3745087.082,2004137.622
United States,1981,232201613.0,16.192,8.587,1.847,3759808.518,1993915.251
United States,1982,234583155.0,16.227,8.495,1.855,3806580.856,1992783.902
United States,1983,236986362.0,15.904,8.606,1.827,3769031.101,2039504.631
United States,1984,239353967.0,15.8,8.615,1.827,3781792.679,2062034.426
United States,1985,241690438.0,15.905,8.741,1.854,3844086.416,2112616.119
United States,1986,243953807.0,15.723,8.741,1.852,3835685.707,2132400.227
United States,1987,246161292.0,15.801,8.742,1.885,3889594.575,2151942.015
United States,1988,248393236.0,16.039,8.854,1.942,3983979.112,2199273.712
United States,1989,250675047.0,16.346,8.698,2.014,4097534.318,2180371.559
United States,1990,253373387.0,16.466,8.597,2.072,4172046.19,2178251.008
United States,1991,256471424.0,16.043,8.575,2.059,4114571.055,2199242.461
United States,1992,259606021.0,15.602,8.489,2.039,4050373.14,2203795.512
United States,1993,262633229.0,15.116,8.741,2.01,3969963.89,2295677.055
United States,1994,265474811.0,14.713,8.683,1.988,3905930.894,2305117.784
United States,1995,268205796.0,14.336,8.711,1.965,3844998.291,2336340.689
United States,1996,270860695.0,14.119,8.631,1.96,3824282.153,2337798.659
United States,1997,273468014.0,13.922,8.549,1.956,3807221.691,2337878.052
United States,1998,276119323.0,13.942,8.542,1.98,3849655.601,2358611.257
United States,1999,278785482.0,13.892,8.655,1.99,3872887.916,2412888.347
United States,2000,281484126.0,14.056,8.611,2.03,3956540.875,2423859.809
United States,2001,284279634.0,13.826,8.558,2.011,3930450.22,2432865.108
United States,2002,287084335.0,13.671,8.575,2.003,3924729.944,2461748.173
United States,2003,289908091.0,13.74,8.508,2.025,3983337.17,2466538.038
United States,2004,292786248.0,13.712,8.265,2.031,4014685.033,2419878.34
United States,2005,295716666.0,13.714,8.36,2.04,4055458.358,2472191.328
United States,2006,298730208.0,13.991,8.21,2.087,4179534.34,2452575.008
United States,2007,301844223.0,14.023,8.119,2.096,4232761.539,2450673.247
United States,2008,304970325.0,13.719,8.204,2.053,4183887.889,2501976.546
United States,2009,308023452.0,13.275,8.015,1.987,4089011.325,2468807.968
United States,2010,311062785.0,12.791,8.044,1.916,3978804.083,2502189.043
United States,2011,314105075.0,12.552,8.128,1.879,3942646.901,2553046.05
United States,2012,317115349.0,12.433,8.096,1.862,3942695.134,2567365.866
United States,2013,320110752.0,12.28,8.157,1.84,3930960.035,2611143.404
United States,2014,323115377.0,12.331,8.144,1.848,3984335.714,2631451.63
United States,2015,326126496.0,12.211,8.303,1.832,3982330.643,2707828.296
United States,2016,329179423.0,12.008,8.302,1.804,3952786.511,2732847.57
United States,2017,332204657.0,11.657,8.416,1.753,3872509.687,2795834.393
United States,2018,335056492.0,11.389,8.412,1.715,3815958.387,2818495.211
United States,2019,337790069.0,11.169,8.415,1.684,3772777.281,2842503.431
United States,2020,339436156.0,10.73,9.97,1.616,3642149.954,3384178.475
United States,2021,340161438.0,10.822,10.268,1.634,3681227.082,3492777.645
United States,2022,341534041.0,10.981,9.332,1.665,3750385.304,3187195.671
United States,2023,343477330.0,10.648,8.663,1.624,3657346.61,2975544.11
