entity,code,year,age,sex,death_rate_per_1000
China,CHN,1990,0,F,38.931072
China,CHN,1990,0,M,43.83036
China,CHN,1990,10,F,0.93465
China,CHN,1990,10,M,1.30328
China,CHN,1990,15,F,0.72939
China,CHN,1990,15,M,1.20343
China,CHN,1990,25,F,1.22839
China,CHN,1990,25,M,1.91739
China,CHN,1990,45,F,3.13314
China,CHN,1990,45,M,4.8165097
China,CHN,1990,65,F,20.295738
China,CHN,1990,65,M,30.867931
China,CHN,1990,80,F,90.111885
China,CHN,1990,80,M,126.12549
China,CHN,1991,0,F,38.395977
China,CHN,1991,0,M,43.27285
China,CHN,1991,10,F,0.88625
China,CHN,1991,10,M,1.24154
China,CHN,1991,15,F,0.68056
China,CHN,1991,15,M,1.13394
China,CHN,1991,25,F,1.16351
China,CHN,1991,25,M,1.85701
China,CHN,1991,45,F,2.98529
China,CHN,1991,45,M,4.64532
China,CHN,1991,65,F,19.55439
China,CHN,1991,65,M,29.94004
China,CHN,1991,80,F,87.12894
China,CHN,1991,80,M,122.379456
China,CHN,1992,0,F,37.64358
China,CHN,1992,0,M,42.483223
China,CHN,1992,10,F,0.84826
China,CHN,1992,10,M,1.1831
China,CHN,1992,15,F,0.64114
China,CHN,1992,15,M,1.06591
China,CHN,1992,25,F,1.10843
China,CHN,1992,25,M,1.78875
China,CHN,1992,45,F,2.87791
China,CHN,1992,45,M,4.4990697
China,CHN,1992,65,F,18.996191
China,CHN,1992,65,M,29.04298
China,CHN,1992,80,F,84.88359
China,CHN,1992,80,M,118.60854
China,CHN,1993,0,F,36.75032
China,CHN,1993,0,M,41.53662
China,CHN,1993,10,F,0.81001
China,CHN,1993,10,M,1.1475
China,CHN,1993,15,F,0.59931
China,CHN,1993,15,M,1.0166999
China,CHN,1993,25,F,1.04245
China,CHN,1993,25,M,1.73561
China,CHN,1993,45,F,2.7612798
China,CHN,1993,45,M,4.45463
China,CHN,1993,65,F,18.2642
China,CHN,1993,65,M,28.52447
China,CHN,1993,80,F,81.82104
China,CHN,1993,80,M,116.24274
China,CHN,1994,0,F,35.692722
China,CHN,1994,0,M,40.40797
China,CHN,1994,10,F,0.78982997
China,CHN,1994,10,M,1.1248701
China,CHN,1994,15,F,0.57145
China,CHN,1994,15,M,0.97936
China,CHN,1994,25,F,0.995
China,CHN,1994,25,M,1.6857
China,CHN,1994,45,F,2.7070498
China,CHN,1994,45,M,4.51382
China,CHN,1994,65,F,17.82639
China,CHN,1994,65,M,28.20836
China,CHN,1994,80,F,80.02185
China,CHN,1994,80,M,114.62718
China,CHN,1995,0,F,34.48436
China,CHN,1995,0,M,39.11225
China,CHN,1995,10,F,0.75794
China,CHN,1995,10,M,1.0888201
China,CHN,1995,15,F,0.53533
China,CHN,1995,15,M,0.93416995
China,CHN,1995,25,F,0.92938
China,CHN,1995,25,M,1.6204599
China,CHN,1995,45,F,2.32061
China,CHN,1995,45,M,4.15172
China,CHN,1995,65,F,17.02401
China,CHN,1995,65,M,27.47605
China,CHN,1995,80,F,76.55748
China,CHN,1995,80,M,111.254555
China,CHN,1996,0,F,33.12197
China,CHN,1996,0,M,37.639973
China,CHN,1996,10,F,0.74179
China,CHN,1996,10,M,1.0600901
China,CHN,1996,15,F,0.51263
China,CHN,1996,15,M,0.89203
China,CHN,1996,25,F,0.88323003
China,CHN,1996,25,M,1.53832
China,CHN,1996,45,F,2.25197
China,CHN,1996,45,M,4.0795302
China,CHN,1996,65,F,16.52553
China,CHN,1996,65,M,26.85507
China,CHN,1996,80,F,74.482765
China,CHN,1996,80,M,108.38707
China,CHN,1997,0,F,31.594578
China,CHN,1997,0,M,35.98813
China,CHN,1997,10,F,0.7328
China,CHN,1997,10,M,1.03959
China,CHN,1997,15,F,0.49501
China,CHN,1997,15,M,0.86059004
China,CHN,1997,25,F,0.85093
China,CHN,1997,25,M,1.47
China,CHN,1997,45,F,2.20498
China,CHN,1997,45,M,4.0256696
China,CHN,1997,65,F,16.13525
China,CHN,1997,65,M,26.36272
China,CHN,1997,80,F,72.90285
China,CHN,1997,80,M,106.000404
China,CHN,1998,0,F,30.019371
China,CHN,1998,0,M,34.27234
China,CHN,1998,10,F,0.72978
China,CHN,1998,10,M,1.0248001
China,CHN,1998,15,F,0.48556998
China,CHN,1998,15,M,0.83809996
China,CHN,1998,25,F,0.82869
China,CHN,1998,25,M,1.42198
China,CHN,1998,45,F,2.17688
China,CHN,1998,45,M,3.9908202
China,CHN,1998,65,F,15.822989
China,CHN,1998,65,M,25.890469
China,CHN,1998,80,F,71.69812
China,CHN,1998,80,M,103.68335
China,CHN,1999,0,F,28.295311
China,CHN,1999,0,M,32.393032
China,CHN,1999,10,F,0.72779
China,CHN,1999,10,M,1.0105
China,CHN,1999,15,F,0.48029
China,CHN,1999,15,M,0.81826
China,CHN,1999,25,F,0.80176
China,CHN,1999,25,M,1.35289
China,CHN,1999,45,F,2.1718998
China,CHN,1999,45,M,3.93113
China,CHN,1999,65,F,15.60843
China,CHN,1999,65,M,25.43469
China,CHN,1999,80,F,71.02647
China,CHN,1999,80,M,101.513985
China,CHN,2000,0,F,26.52534
China,CHN,2000,0,M,30.45467
China,CHN,2000,10,F,0.71788996
China,CHN,2000,10,M,1.0006701
China,CHN,2000,15,F,0.47556
China,CHN,2000,15,M,0.80678
China,CHN,2000,25,F,0.76745003
China,CHN,2000,25,M,1.29822
China,CHN,2000,45,F,2.1396801
China,CHN,2000,45,M,3.86554
China,CHN,2000,65,F,15.29734
China,CHN,2000,65,M,25.14183
China,CHN,2000,80,F,70.023506
China,CHN,2000,80,M,100.028885
China,CHN,2001,0,F,24.72818
China,CHN,2001,0,M,28.47789
China,CHN,2001,10,F,0.71732
China,CHN,2001,10,M,0.99261
China,CHN,2001,15,F,0.47131
China,CHN,2001,15,M,0.79385
China,CHN,2001,25,F,0.73218995
China,CHN,2001,25,M,1.24254
China,CHN,2001,45,F,2.10129
China,CHN,2001,45,M,3.81577
China,CHN,2001,65,F,14.92615
China,CHN,2001,65,M,24.730099
China,CHN,2001,80,F,68.88648
China,CHN,2001,80,M,98.13705
China,CHN,2002,0,F,22.936789
China,CHN,2002,0,M,26.49756
China,CHN,2002,10,F,0.70758003
China,CHN,2002,10,M,0.97736996
China,CHN,2002,15,F,0.47022
China,CHN,2002,15,M,0.78622
China,CHN,2002,25,F,0.70274
China,CHN,2002,25,M,1.1936401
China,CHN,2002,45,F,2.0694199
China,CHN,2002,45,M,3.7656898
China,CHN,2002,65,F,14.57199
China,CHN,2002,65,M,24.38459
China,CHN,2002,80,F,68.00151
China,CHN,2002,80,M,96.68928
China,CHN,2003,0,F,21.169868
China,CHN,2003,0,M,24.53533
China,CHN,2003,10,F,0.69977
China,CHN,2003,10,M,0.95306
China,CHN,2003,15,F,0.46897998
China,CHN,2003,15,M,0.7802
China,CHN,2003,25,F,0.67565995
China,CHN,2003,25,M,1.15079
China,CHN,2003,45,F,2.03508
China,CHN,2003,45,M,3.70568
China,CHN,2003,65,F,14.215211
China,CHN,2003,65,M,24.03711
China,CHN,2003,80,F,67.27077
China,CHN,2003,80,M,95.45228
China,CHN,2004,0,F,19.478281
China,CHN,2004,0,M,22.643929
China,CHN,2004,10,F,0.68412
China,CHN,2004,10,M,0.92258
China,CHN,2004,15,F,0.46624
China,CHN,2004,15,M,0.77428
China,CHN,2004,25,F,0.65184003
China,CHN,2004,25,M,1.11175
China,CHN,2004,45,F,1.9996499
China,CHN,2004,45,M,3.64893
China,CHN,2004,65,F,13.8563
China,CHN,2004,65,M,23.6562
China,CHN,2004,80,F,66.62164
China,CHN,2004,80,M,94.30484
China,CHN,2005,0,F,17.890259
China,CHN,2005,0,M,20.85264
China,CHN,2005,10,F,0.66753
China,CHN,2005,10,M,0.89706
China,CHN,2005,15,F,0.45809
China,CHN,2005,15,M,0.767
China,CHN,2005,25,F,0.62737995
China,CHN,2005,25,M,1.0774001
China,CHN,2005,45,F,1.9584999
China,CHN,2005,45,M,3.6071398
China,CHN,2005,65,F,13.40782
China,CHN,2005,65,M,23.26005
China,CHN,2005,80,F,65.60135
China,CHN,2005,80,M,93.29948
China,CHN,2006,0,F,16.42131
China,CHN,2006,0,M,19.18557
China,CHN,2006,10,F,0.64734995
China,CHN,2006,10,M,0.86897
China,CHN,2006,15,F,0.45995
China,CHN,2006,15,M,0.76496
China,CHN,2006,25,F,0.61102
China,CHN,2006,25,M,1.04769
China,CHN,2006,45,F,1.93125
China,CHN,2006,45,M,3.5574799
China,CHN,2006,65,F,13.04006
China,CHN,2006,65,M,22.84996
China,CHN,2006,80,F,64.969955
China,CHN,2006,80,M,92.461876
China,CHN,2007,0,F,15.07453
China,CHN,2007,0,M,17.64703
China,CHN,2007,10,F,0.61937004
China,CHN,2007,10,M,0.82521003
China,CHN,2007,15,F,0.45347002
China,CHN,2007,15,M,0.74558
China,CHN,2007,25,F,0.59575
China,CHN,2007,25,M,1.01078
China,CHN,2007,45,F,1.90388
China,CHN,2007,45,M,3.4715
China,CHN,2007,65,F,12.66784
China,CHN,2007,65,M,22.16625
China,CHN,2007,80,F,64.27412
China,CHN,2007,80,M,90.73128
China,CHN,2008,0,F,14.008341
China,CHN,2008,0,M,16.39612
China,CHN,2008,10,F,0.65001
China,CHN,2008,10,M,0.84049
China,CHN,2008,15,F,0.50221
China,CHN,2008,15,M,0.77063996
China,CHN,2008,25,F,0.63748
China,CHN,2008,25,M,1.03636
China,CHN,2008,45,F,1.94477
China,CHN,2008,45,M,3.5341501
China,CHN,2008,65,F,12.49171
China,CHN,2008,65,M,22.047039
China,CHN,2008,80,F,63.948437
China,CHN,2008,80,M,91.123665
China,CHN,2009,0,F,12.74693
China,CHN,2009,0,M,14.95846
China,CHN,2009,10,F,0.55747
China,CHN,2009,10,M,0.76005995
China,CHN,2009,15,F,0.43978
China,CHN,2009,15,M,0.71141
China,CHN,2009,25,F,0.57899
China,CHN,2009,25,M,0.98441994
China,CHN,2009,45,F,1.8440701
China,CHN,2009,45,M,3.4400399
China,CHN,2009,65,F,12.03599
China,CHN,2009,65,M,21.49276
China,CHN,2009,80,F,63.0306
China,CHN,2009,80,M,90.340164
China,CHN,2010,0,F,11.7743
China,CHN,2010,0,M,13.81911
China,CHN,2010,10,F,0.52842
China,CHN,2010,10,M,0.71441
China,CHN,2010,15,F,0.43406
China,CHN,2010,15,M,0.68583995
China,CHN,2010,25,F,0.57637
China,CHN,2010,25,M,0.96177
China,CHN,2010,45,F,1.8027599
China,CHN,2010,45,M,3.35317
China,CHN,2010,65,F,11.74204
China,CHN,2010,65,M,20.8514
China,CHN,2010,80,F,62.1836
China,CHN,2010,80,M,88.65359
China,CHN,2011,0,F,10.85406
China,CHN,2011,0,M,12.74224
China,CHN,2011,10,F,0.49204
China,CHN,2011,10,M,0.68083
China,CHN,2011,15,F,0.41658
China,CHN,2011,15,M,0.66953003
China,CHN,2011,25,F,0.56946
China,CHN,2011,25,M,0.96019995
China,CHN,2011,45,F,1.74753
China,CHN,2011,45,M,3.35292
China,CHN,2011,65,F,11.471411
China,CHN,2011,65,M,20.784199
China,CHN,2011,80,F,61.251842
China,CHN,2011,80,M,89.07488
China,CHN,2012,0,F,10.03654
China,CHN,2012,0,M,11.778339
China,CHN,2012,10,F,0.45727003
China,CHN,2012,10,M,0.63744
China,CHN,2012,15,F,0.39767
China,CHN,2012,15,M,0.64173996
China,CHN,2012,25,F,0.56631
China,CHN,2012,25,M,0.9495
China,CHN,2012,45,F,1.6896601
China,CHN,2012,45,M,3.2935698
China,CHN,2012,65,F,11.21917
China,CHN,2012,65,M,20.53384
China,CHN,2012,80,F,60.061142
China,CHN,2012,80,M,88.0408
China,CHN,2013,0,F,9.2935
China,CHN,2013,0,M,10.89909
China,CHN,2013,10,F,0.42754
China,CHN,2013,10,M,0.59602004
China,CHN,2013,15,F,0.38001
China,CHN,2013,15,M,0.61405003
China,CHN,2013,25,F,0.5677
China,CHN,2013,25,M,0.94277
China,CHN,2013,45,F,1.6423299
China,CHN,2013,45,M,3.2321599
China,CHN,2013,65,F,11.12316
China,CHN,2013,65,M,20.55181
China,CHN,2013,80,F,59.32413
China,CHN,2013,80,M,87.13224
China,CHN,2014,0,F,8.61351
China,CHN,2014,0,M,10.09299
China,CHN,2014,10,F,0.39614
China,CHN,2014,10,M,0.5557
China,CHN,2014,15,F,0.35846
China,CHN,2014,15,M,0.58627003
China,CHN,2014,25,F,0.56382
China,CHN,2014,25,M,0.93727
China,CHN,2014,45,F,1.5849899
China,CHN,2014,45,M,3.15521
China,CHN,2014,65,F,11.02775
China,CHN,2014,65,M,20.933111
China,CHN,2014,80,F,58.20224
China,CHN,2014,80,M,86.2405
China,CHN,2015,0,F,7.98963
China,CHN,2015,0,M,9.353029
China,CHN,2015,10,F,0.36701998
China,CHN,2015,10,M,0.51506996
China,CHN,2015,15,F,0.33743
China,CHN,2015,15,M,0.55513
China,CHN,2015,25,F,0.55663
China,CHN,2015,25,M,0.92824
China,CHN,2015,45,F,1.52939
China,CHN,2015,45,M,3.06725
China,CHN,2015,65,F,9.77006
China,CHN,2015,65,M,19.59099
China,CHN,2015,80,F,57.10377
China,CHN,2015,80,M,85.25538
China,CHN,2016,0,F,7.42672
China,CHN,2016,0,M,8.684019
China,CHN,2016,10,F,0.33924
China,CHN,2016,10,M,0.47792
China,CHN,2016,15,F,0.31706002
China,CHN,2016,15,M,0.52608997
China,CHN,2016,25,F,0.55833
China,CHN,2016,25,M,0.9275
China,CHN,2016,45,F,1.4779099
China,CHN,2016,45,M,2.9861
China,CHN,2016,65,F,9.64099
China,CHN,2016,65,M,19.62737
China,CHN,2016,80,F,55.928402
China,CHN,2016,80,M,84.46981
China,CHN,2017,0,F,6.90318
China,CHN,2017,0,M,8.06407
China,CHN,2017,10,F,0.31457
China,CHN,2017,10,M,0.45922
China,CHN,2017,15,F,0.29746002
China,CHN,2017,15,M,0.51136
China,CHN,2017,25,F,0.55438
China,CHN,2017,25,M,0.9469
China,CHN,2017,45,F,1.4456999
China,CHN,2017,45,M,2.98628
China,CHN,2017,65,F,9.5807
China,CHN,2017,65,M,20.262299
China,CHN,2017,80,F,54.979248
China,CHN,2017,80,M,86.3787
China,CHN,2018,0,F,6.42876
China,CHN,2018,0,M,7.50245
China,CHN,2018,10,F,0.2883
China,CHN,2018,10,M,0.40714002
China,CHN,2018,15,F,0.27541003
China,CHN,2018,15,M,0.46199998
China,CHN,2018,25,F,0.54607
China,CHN,2018,25,M,0.89297
China,CHN,2018,45,F,1.40541
China,CHN,2018,45,M,2.8122501
China,CHN,2018,65,F,9.44426
China,CHN,2018,65,M,19.56365
China,CHN,2018,80,F,53.42196
China,CHN,2018,80,M,82.34086
China,CHN,2019,0,F,5.9952
China,CHN,2019,0,M,6.99016
China,CHN,2019,10,F,0.26893
China,CHN,2019,10,M,0.37414002
China,CHN,2019,15,F,0.25782
China,CHN,2019,15,M,0.42862
China,CHN,2019,25,F,0.53883
China,CHN,2019,25,M,0.86179
China,CHN,2019,45,F,1.36735
China,CHN,2019,45,M,2.68517
China,CHN,2019,65,F,9.472879
China,CHN,2019,65,M,19.33128
China,CHN,2019,80,F,52.54649
China,CHN,2019,80,M,80.78187
China,CHN,2020,0,F,5.5963097
China,CHN,2020,0,M,6.51995
China,CHN,2020,10,F,0.24888001
China,CHN,2020,10,M,0.35273
China,CHN,2020,15,F,0.23931
China,CHN,2020,15,M,0.40368
China,CHN,2020,25,F,0.5289
China,CHN,2020,25,M,0.85259
China,CHN,2020,45,F,1.3111
China,CHN,2020,45,M,2.7576501
China,CHN,2020,65,F,9.34805
China,CHN,2020,65,M,19.47826
China,CHN,2020,80,F,51.16595
China,CHN,2020,80,M,80.74958
China,CHN,2021,0,F,5.2280197
China,CHN,2021,0,M,6.08655
China,CHN,2021,10,F,0.23223
China,CHN,2021,10,M,0.32302
China,CHN,2021,15,F,0.22249
China,CHN,2021,15,M,0.37264
China,CHN,2021,25,F,0.51552
China,CHN,2021,25,M,0.82149
China,CHN,2021,45,F,1.3390901
China,CHN,2021,45,M,2.65599
China,CHN,2021,65,F,9.340159
China,CHN,2021,65,M,19.11156
China,CHN,2021,80,F,50.08479
China,CHN,2021,80,M,79.064316
China,CHN,2022,0,F,4.92952
China,CHN,2022,0,M,5.73108
China,CHN,2022,10,F,0.22060001
China,CHN,2022,10,M,0.30431
China,CHN,2022,15,F,0.21042
China,CHN,2022,15,M,0.35922
China,CHN,2022,25,F,0.50471
China,CHN,2022,25,M,0.80553
China,CHN,2022,45,F,1.2443199
China,CHN,2022,45,M,2.47267
China,CHN,2022,65,F,9.387831
China,CHN,2022,65,M,19.3641
China,CHN,2022,80,F,50.65457
China,CHN,2022,80,M,81.19729
China,CHN,2023,0,F,4.72819
China,CHN,2023,0,M,5.4816103
China,CHN,2023,10,F,0.20774
China,CHN,2023,10,M,0.28129
China,CHN,2023,15,F,0.19871
China,CHN,2023,15,M,0.34944
China,CHN,2023,25,F,0.48687997
China,CHN,2023,25,M,0.77637
China,CHN,2023,45,F,1.225
China,CHN,2023,45,M,2.4249501
China,CHN,2023,65,F,9.49008
China,CHN,2023,65,M,19.45574
China,CHN,2023,80,F,52.4648
China,CHN,2023,80,M,85.58854
India,IND,1990,0,F,99.60054
India,IND,1990,0,M,96.23392
India,IND,1990,10,F,1.42279
India,IND,1990,10,M,1.26811
India,IND,1990,15,F,1.99452
India,IND,1990,15,M,1.59646
India,IND,1990,25,F,2.92334
India,IND,1990,25,M,2.5227
India,IND,1990,45,F,4.93607
India,IND,1990,45,M,7.35412
India,IND,1990,65,F,30.899488
India,IND,1990,65,M,41.52162
India,IND,1990,80,F,104.06077
India,IND,1990,80,M,137.48135
India,IND,1991,0,F,97.07103
India,IND,1991,0,M,93.70433
India,IND,1991,10,F,1.37748
India,IND,1991,10,M,1.22524
India,IND,1991,15,F,1.95059
India,IND,1991,15,M,1.56137
India,IND,1991,25,F,2.89143
India,IND,1991,25,M,2.5055299
India,IND,1991,45,F,4.8555202
India,IND,1991,45,M,7.25795
India,IND,1991,65,F,30.42416
India,IND,1991,65,M,41.04868
India,IND,1991,80,F,103.01005
India,IND,1991,80,M,135.7727
India,IND,1992,0,F,94.555
India,IND,1992,0,M,91.18911
India,IND,1992,10,F,1.3329201
India,IND,1992,10,M,1.18362
India,IND,1992,15,F,1.90694
India,IND,1992,15,M,1.52743
India,IND,1992,25,F,2.8665001
India,IND,1992,25,M,2.48516
India,IND,1992,45,F,4.78487
India,IND,1992,45,M,7.16495
India,IND,1992,65,F,29.98924
India,IND,1992,65,M,40.55073
India,IND,1992,80,F,102.06193
India,IND,1992,80,M,133.60785
India,IND,1993,0,F,92.09517
India,IND,1993,0,M,88.73365
India,IND,1993,10,F,1.30271
India,IND,1993,10,M,1.15348
India,IND,1993,15,F,1.87569
India,IND,1993,15,M,1.50396
India,IND,1993,25,F,2.8573
India,IND,1993,25,M,2.47223
India,IND,1993,45,F,4.7357597
India,IND,1993,45,M,7.09099
India,IND,1993,65,F,29.62435
India,IND,1993,65,M,40.06849
India,IND,1993,80,F,101.266396
India,IND,1993,80,M,131.11281
India,IND,1994,0,F,89.58354
India,IND,1994,0,M,86.231316
India,IND,1994,10,F,1.2537
India,IND,1994,10,M,1.111
India,IND,1994,15,F,1.82789
India,IND,1994,15,M,1.47168
India,IND,1994,25,F,2.83279
India,IND,1994,25,M,2.4595902
India,IND,1994,45,F,4.67078
India,IND,1994,45,M,7.01332
India,IND,1994,65,F,29.238081
India,IND,1994,65,M,39.545338
India,IND,1994,80,F,100.48552
India,IND,1994,80,M,128.35167
India,IND,1995,0,F,87.07534
India,IND,1995,0,M,83.737854
India,IND,1995,10,F,1.21569
India,IND,1995,10,M,1.078
India,IND,1995,15,F,1.79027
India,IND,1995,15,M,1.44893
India,IND,1995,25,F,2.8152702
India,IND,1995,25,M,2.45916
India,IND,1995,45,F,4.6174297
India,IND,1995,45,M,6.95434
India,IND,1995,65,F,28.86715
India,IND,1995,65,M,39.03336
India,IND,1995,80,F,99.746124
India,IND,1995,80,M,125.57177
India,IND,1996,0,F,84.54352
India,IND,1996,0,M,81.26822
India,IND,1996,10,F,1.1778101
India,IND,1996,10,M,1.04709
India,IND,1996,15,F,1.7529
India,IND,1996,15,M,1.42816
India,IND,1996,25,F,2.79178
India,IND,1996,25,M,2.46248
India,IND,1996,45,F,4.56039
India,IND,1996,45,M,6.9007998
India,IND,1996,65,F,28.46551
India,IND,1996,65,M,38.50601
India,IND,1996,80,F,98.96778
India,IND,1996,80,M,122.88456
India,IND,1997,0,F,81.98386
India,IND,1997,0,M,78.789566
India,IND,1997,10,F,1.13765
India,IND,1997,10,M,1.01651
India,IND,1997,15,F,1.7152001
India,IND,1997,15,M,1.40817
India,IND,1997,25,F,2.75821
India,IND,1997,25,M,2.46488
India,IND,1997,45,F,4.4938602
India,IND,1997,45,M,6.8521204
India,IND,1997,65,F,28.00865
India,IND,1997,65,M,37.96694
India,IND,1997,80,F,98.10067
India,IND,1997,80,M,120.43205
India,IND,1998,0,F,79.402664
India,IND,1998,0,M,76.29108
India,IND,1998,10,F,1.1023201
India,IND,1998,10,M,0.99245006
India,IND,1998,15,F,1.68095
India,IND,1998,15,M,1.39309
India,IND,1998,25,F,2.71609
India,IND,1998,25,M,2.46845
India,IND,1998,45,F,4.4238896
India,IND,1998,45,M,6.81214
India,IND,1998,65,F,27.49522
India,IND,1998,65,M,37.42537
India,IND,1998,80,F,97.131424
India,IND,1998,80,M,118.33075
India,IND,1999,0,F,76.77977
India,IND,1999,0,M,73.75494
India,IND,1999,10,F,1.06735
India,IND,1999,10,M,0.97014
India,IND,1999,15,F,1.64615
India,IND,1999,15,M,1.37718
India,IND,1999,25,F,2.66241
India,IND,1999,25,M,2.46804
India,IND,1999,45,F,4.34366
India,IND,1999,45,M,6.76546
India,IND,1999,65,F,26.92792
India,IND,1999,65,M,36.851303
India,IND,1999,80,F,96.098366
India,IND,1999,80,M,116.55397
India,IND,2000,0,F,74.103485
India,IND,2000,0,M,71.170395
India,IND,2000,10,F,1.0158
India,IND,2000,10,M,0.93491995
India,IND,2000,15,F,1.60182
India,IND,2000,15,M,1.3536999
India,IND,2000,25,F,2.5899699
India,IND,2000,25,M,2.46273
India,IND,2000,45,F,4.23906
India,IND,2000,45,M,6.72193
India,IND,2000,65,F,26.312809
India,IND,2000,65,M,36.27388
India,IND,2000,80,F,95.08657
India,IND,2000,80,M,115.103386
India,IND,2001,0,F,71.47684
India,IND,2001,0,M,68.64174
India,IND,2001,10,F,0.99162
India,IND,2001,10,M,0.92082
India,IND,2001,15,F,1.57669
India,IND,2001,15,M,1.34529
India,IND,2001,25,F,2.52942
India,IND,2001,25,M,2.4641702
India,IND,2001,45,F,4.15784
India,IND,2001,45,M,6.69782
India,IND,2001,65,F,25.75747
India,IND,2001,65,M,35.73541
India,IND,2001,80,F,94.2915
India,IND,2001,80,M,114.00924
India,IND,2002,0,F,68.77948
India,IND,2002,0,M,66.04343
India,IND,2002,10,F,0.93245
India,IND,2002,10,M,0.88132
India,IND,2002,15,F,1.51838
India,IND,2002,15,M,1.312
India,IND,2002,25,F,2.43186
India,IND,2002,25,M,2.43225
India,IND,2002,45,F,4.0359
India,IND,2002,45,M,6.64227
India,IND,2002,65,F,25.162102
India,IND,2002,65,M,35.13818
India,IND,2002,80,F,93.65219
India,IND,2002,80,M,113.10204
India,IND,2003,0,F,66.18119
India,IND,2003,0,M,63.506706
India,IND,2003,10,F,0.89101
India,IND,2003,10,M,0.85357
India,IND,2003,15,F,1.47303
India,IND,2003,15,M,1.28833
India,IND,2003,25,F,2.3439
India,IND,2003,25,M,2.41082
India,IND,2003,45,F,3.9302502
India,IND,2003,45,M,6.6073203
India,IND,2003,65,F,24.65517
India,IND,2003,65,M,34.587143
India,IND,2003,80,F,93.38914
India,IND,2003,80,M,112.51377
India,IND,2004,0,F,63.644558
India,IND,2004,0,M,61.04099
India,IND,2004,10,F,0.86231
India,IND,2004,10,M,0.83534
India,IND,2004,15,F,1.436
India,IND,2004,15,M,1.26959
India,IND,2004,25,F,2.26157
India,IND,2004,25,M,2.38665
India,IND,2004,45,F,3.84124
India,IND,2004,45,M,6.58018
India,IND,2004,65,F,24.23243
India,IND,2004,65,M,34.06194
India,IND,2004,80,F,93.42622
India,IND,2004,80,M,112.1345
India,IND,2005,0,F,61.038692
India,IND,2005,0,M,58.52396
India,IND,2005,10,F,0.81078
India,IND,2005,10,M,0.79620004
India,IND,2005,15,F,1.37578
India,IND,2005,15,M,1.23336
India,IND,2005,25,F,2.15835
India,IND,2005,25,M,2.34565
India,IND,2005,45,F,3.725
India,IND,2005,45,M,6.5359597
India,IND,2005,65,F,23.81455
India,IND,2005,65,M,33.49888
India,IND,2005,80,F,93.51939
India,IND,2005,80,M,111.74677
India,IND,2006,0,F,58.45689
India,IND,2006,0,M,56.04487
India,IND,2006,10,F,0.7689
India,IND,2006,10,M,0.76396
India,IND,2006,15,F,1.3216001
India,IND,2006,15,M,1.19993
India,IND,2006,25,F,2.06085
India,IND,2006,25,M,2.2996001
India,IND,2006,45,F,3.62891
India,IND,2006,45,M,6.4909596
India,IND,2006,65,F,23.45953
India,IND,2006,65,M,32.932472
India,IND,2006,80,F,93.53637
India,IND,2006,80,M,111.268456
India,IND,2007,0,F,55.898308
India,IND,2007,0,M,53.607533
India,IND,2007,10,F,0.72934
India,IND,2007,10,M,0.73212004
India,IND,2007,15,F,1.26696
India,IND,2007,15,M,1.16542
India,IND,2007,25,F,1.9644699
India,IND,2007,25,M,2.25032
India,IND,2007,45,F,3.54465
India,IND,2007,45,M,6.44279
India,IND,2007,65,F,23.148739
India,IND,2007,65,M,32.350338
India,IND,2007,80,F,93.29045
India,IND,2007,80,M,110.559494
India,IND,2008,0,F,53.33144
India,IND,2008,0,M,51.18265
India,IND,2008,10,F,0.69022
India,IND,2008,10,M,0.69897
India,IND,2008,15,F,1.21047
India,IND,2008,15,M,1.12783
India,IND,2008,25,F,1.86866
India,IND,2008,25,M,2.1927502
India,IND,2008,45,F,3.4725301
India,IND,2008,45,M,6.38302
India,IND,2008,65,F,22.87027
India,IND,2008,65,M,31.73236
India,IND,2008,80,F,92.59028
India,IND,2008,80,M,109.4678
India,IND,2009,0,F,50.78009
India,IND,2009,0,M,48.792862
India,IND,2009,10,F,0.65233
India,IND,2009,10,M,0.66541004
India,IND,2009,15,F,1.15316
India,IND,2009,15,M,1.0881101
India,IND,2009,25,F,1.7748201
India,IND,2009,25,M,2.12854
India,IND,2009,45,F,3.41427
India,IND,2009,45,M,6.31255
India,IND,2009,65,F,22.62338
India,IND,2009,65,M,31.08728
India,IND,2009,80,F,91.378365
India,IND,2009,80,M,107.95237
India,IND,2010,0,F,48.239872
India,IND,2010,0,M,46.43139
India,IND,2010,10,F,0.61473
India,IND,2010,10,M,0.63078
India,IND,2010,15,F,1.09513
India,IND,2010,15,M,1.04629
India,IND,2010,25,F,1.68285
India,IND,2010,25,M,2.06086
India,IND,2010,45,F,3.36631
India,IND,2010,45,M,6.23196
India,IND,2010,65,F,22.402979
India,IND,2010,65,M,30.43759
India,IND,2010,80,F,89.80818
India,IND,2010,80,M,106.12426
India,IND,2011,0,F,45.736237
India,IND,2011,0,M,44.123737
India,IND,2011,10,F,0.57851
India,IND,2011,10,M,0.59621
India,IND,2011,15,F,1.03797
India,IND,2011,15,M,1.00313
India,IND,2011,25,F,1.59418
India,IND,2011,25,M,1.98899
India,IND,2011,45,F,3.32711
India,IND,2011,45,M,6.14226
India,IND,2011,65,F,22.2113
India,IND,2011,65,M,29.81255
India,IND,2011,80,F,88.06839
India,IND,2011,80,M,104.11824
India,IND,2012,0,F,43.275448
India,IND,2012,0,M,41.87637
India,IND,2012,10,F,0.54384
India,IND,2012,10,M,0.56212
India,IND,2012,15,F,0.9823201
India,IND,2012,15,M,0.95958
India,IND,2012,25,F,1.5093701
India,IND,2012,25,M,1.91581
India,IND,2012,45,F,3.29494
India,IND,2012,45,M,6.04634
India,IND,2012,65,F,22.049051
India,IND,2012,65,M,29.23991
India,IND,2012,80,F,86.3332
India,IND,2012,80,M,102.06144
India,IND,2013,0,F,40.93759
India,IND,2013,0,M,39.75845
India,IND,2013,10,F,0.51336
India,IND,2013,10,M,0.53129995
India,IND,2013,15,F,0.93053
India,IND,2013,15,M,0.9182
India,IND,2013,25,F,1.4302901
India,IND,2013,25,M,1.8454701
India,IND,2013,45,F,3.27014
India,IND,2013,45,M,5.9508796
India,IND,2013,65,F,21.924639
India,IND,2013,65,M,28.7558
India,IND,2013,80,F,84.77858
India,IND,2013,80,M,100.090225
India,IND,2014,0,F,38.57651
India,IND,2014,0,M,37.61417
India,IND,2014,10,F,0.48023
India,IND,2014,10,M,0.49701002
India,IND,2014,15,F,0.87839997
India,IND,2014,15,M,0.87321997
India,IND,2014,25,F,1.3533701
India,IND,2014,25,M,1.76886
India,IND,2014,45,F,3.24378
India,IND,2014,45,M,5.84055
India,IND,2014,65,F,21.811031
India,IND,2014,65,M,28.33874
India,IND,2014,80,F,83.48278
India,IND,2014,80,M,98.2387
India,IND,2015,0,F,36.3747
India,IND,2015,0,M,35.615353
India,IND,2015,10,F,0.45143998
India,IND,2015,10,M,0.46668002
India,IND,2015,15,F,0.83085
India,IND,2015,15,M,0.83175
India,IND,2015,25,F,1.28301
India,IND,2015,25,M,1.6972599
India,IND,2015,45,F,3.22156
India,IND,2015,45,M,5.73655
India,IND,2015,65,F,21.72294
India,IND,2015,65,M,28.02657
India,IND,2015,80,F,82.503105
India,IND,2015,80,M,96.59987
India,IND,2016,0,F,34.28046
India,IND,2016,0,M,33.70452
India,IND,2016,10,F,0.42312
India,IND,2016,10,M,0.43646
India,IND,2016,15,F,0.78527004
India,IND,2016,15,M,0.78954
India,IND,2016,25,F,1.21715
India,IND,2016,25,M,1.6248201
India,IND,2016,45,F,3.19619
India,IND,2016,45,M,5.6259103
India,IND,2016,65,F,21.63054
India,IND,2016,65,M,27.77233
India,IND,2016,80,F,81.778786
India,IND,2016,80,M,95.13746
India,IND,2017,0,F,32.32789
India,IND,2017,0,M,31.9066
India,IND,2017,10,F,0.39789
India,IND,2017,10,M,0.40916002
India,IND,2017,15,F,0.74359
India,IND,2017,15,M,0.75011003
India,IND,2017,25,F,1.15781
India,IND,2017,25,M,1.55641
India,IND,2017,45,F,3.17015
India,IND,2017,45,M,5.52087
India,IND,2017,65,F,21.52872
India,IND,2017,65,M,27.585388
India,IND,2017,80,F,81.301414
India,IND,2017,80,M,93.88092
India,IND,2018,0,F,30.49318
India,IND,2018,0,M,30.2071
India,IND,2018,10,F,0.37289998
India,IND,2018,10,M,0.38235
India,IND,2018,15,F,0.70406
India,IND,2018,15,M,0.71163
India,IND,2018,25,F,1.10345
India,IND,2018,25,M,1.49126
India,IND,2018,45,F,3.13835
India,IND,2018,45,M,5.41893
India,IND,2018,65,F,21.396042
India,IND,2018,65,M,27.44372
India,IND,2018,80,F,81.035576
India,IND,2018,80,M,92.8243
India,IND,2019,0,F,28.79657
India,IND,2019,0,M,28.6331
India,IND,2019,10,F,0.35023
India,IND,2019,10,M,0.35802
India,IND,2019,15,F,0.66799
India,IND,2019,15,M,0.67550004
India,IND,2019,25,F,1.05536
India,IND,2019,25,M,1.42895
India,IND,2019,45,F,3.10149
India,IND,2019,45,M,5.3234396
India,IND,2019,65,F,21.22604
India,IND,2019,65,M,27.34275
India,IND,2019,80,F,80.96902
India,IND,2019,80,M,91.98178
India,IND,2020,0,F,27.20137
India,IND,2020,0,M,27.15238
India,IND,2020,10,F,0.32863998
India,IND,2020,10,M,0.33492002
India,IND,2020,15,F,0.63433
India,IND,2020,15,M,0.64093
India,IND,2020,25,F,0.94176996
India,IND,2020,25,M,1.25869
India,IND,2020,45,F,3.2244098
India,IND,2020,45,M,5.49125
India,IND,2020,65,F,23.0578
India,IND,2020,65,M,31.597979
India,IND,2020,80,F,81.474724
India,IND,2020,80,M,98.4473
India,IND,2021,0,F,25.70212
India,IND,2021,0,M,25.76215
India,IND,2021,10,F,0.30839002
India,IND,2021,10,M,0.31331998
India,IND,2021,15,F,0.60295
India,IND,2021,15,M,0.60804003
India,IND,2021,25,F,1.1225001
India,IND,2021,25,M,1.45568
India,IND,2021,45,F,4.3941402
India,IND,2021,45,M,7.3327103
India,IND,2021,65,F,32.243473
India,IND,2021,65,M,39.91438
India,IND,2021,80,F,112.18832
India,IND,2021,80,M,129.18195
India,IND,2022,0,F,24.295938
India,IND,2022,0,M,24.4612
India,IND,2022,10,F,0.28951
India,IND,2022,10,M,0.29329002
India,IND,2022,15,F,0.57366
India,IND,2022,15,M,0.57705003
India,IND,2022,25,F,0.93739
India,IND,2022,25,M,1.26246
India,IND,2022,45,F,2.96105
India,IND,2022,45,M,5.06408
India,IND,2022,65,F,20.4854
India,IND,2022,65,M,27.15904
India,IND,2022,80,F,81.4813
India,IND,2022,80,M,90.370224
India,IND,2023,0,F,22.95186
India,IND,2023,0,M,23.21243
India,IND,2023,10,F,0.27164
India,IND,2023,10,M,0.27439
India,IND,2023,15,F,0.54595995
India,IND,2023,15,M,0.54762
India,IND,2023,25,F,0.9041
India,IND,2023,25,M,1.21299
India,IND,2023,45,F,2.90942
India,IND,2023,45,M,4.98468
India,IND,2023,65,F,20.18807
India,IND,2023,65,M,27.11354
India,IND,2023,80,F,81.719475
India,IND,2023,80,M,89.99338
Japan,JPN,1990,0,F,4.16
Japan,JPN,1990,0,M,4.96
Japan,JPN,1990,10,F,0.12
Japan,JPN,1990,10,M,0.14
Japan,JPN,1990,15,F,0.15
Japan,JPN,1990,15,M,0.28
Japan,JPN,1990,25,F,0.33
Japan,JPN,1990,25,M,0.79
Japan,JPN,1990,45,F,1.36
Japan,JPN,1990,45,M,2.57
Japan,JPN,1990,65,F,7.55
Japan,JPN,1990,65,M,16.59
Japan,JPN,1990,80,F,49.85
Japan,JPN,1990,80,M,82.96
Japan,JPN,1991,0,F,4.25
Japan,JPN,1991,0,M,4.71
Japan,JPN,1991,10,F,0.09
Japan,JPN,1991,10,M,0.13
Japan,JPN,1991,15,F,0.14
Japan,JPN,1991,15,M,0.26999998
Japan,JPN,1991,25,F,0.3
Japan,JPN,1991,25,M,0.69
Japan,JPN,1991,45,F,1.32
Japan,JPN,1991,45,M,2.51
Japan,JPN,1991,65,F,7.3199997
Japan,JPN,1991,65,M,16.69
Japan,JPN,1991,80,F,47.010002
Japan,JPN,1991,80,M,81.759995
Japan,JPN,1992,0,F,4.0299997
Japan,JPN,1992,0,M,4.99
Japan,JPN,1992,10,F,0.12
Japan,JPN,1992,10,M,0.14
Japan,JPN,1992,15,F,0.16
Japan,JPN,1992,15,M,0.26
Japan,JPN,1992,25,F,0.3
Japan,JPN,1992,25,M,0.69
Japan,JPN,1992,45,F,1.37
Japan,JPN,1992,45,M,2.53
Japan,JPN,1992,65,F,7.36
Japan,JPN,1992,65,M,16.9
Japan,JPN,1992,80,F,46.73
Japan,JPN,1992,80,M,80.310005
Japan,JPN,1993,0,F,3.99
Japan,JPN,1993,0,M,4.64
Japan,JPN,1993,10,F,0.11
Japan,JPN,1993,10,M,0.15
Japan,JPN,1993,15,F,0.14
Japan,JPN,1993,15,M,0.24
Japan,JPN,1993,25,F,0.3
Japan,JPN,1993,25,M,0.66
Japan,JPN,1993,45,F,1.44
Japan,JPN,1993,45,M,2.53
Japan,JPN,1993,65,F,7.16
Japan,JPN,1993,65,M,17.5
Japan,JPN,1993,80,F,44.780003
Japan,JPN,1993,80,M,79.84
Japan,JPN,1994,0,F,3.89
Japan,JPN,1994,0,M,4.89
Japan,JPN,1994,10,F,0.11
Japan,JPN,1994,10,M,0.14
Japan,JPN,1994,15,F,0.13
Japan,JPN,1994,15,M,0.24
Japan,JPN,1994,25,F,0.29
Japan,JPN,1994,25,M,0.75
Japan,JPN,1994,45,F,1.35
Japan,JPN,1994,45,M,2.48
Japan,JPN,1994,65,F,7.0
Japan,JPN,1994,65,M,17.12
Japan,JPN,1994,80,F,41.949997
Japan,JPN,1994,80,M,76.47
Japan,JPN,1995,0,F,3.81
Japan,JPN,1995,0,M,4.54
Japan,JPN,1995,10,F,0.12
Japan,JPN,1995,10,M,0.17
Japan,JPN,1995,15,F,0.19000001
Japan,JPN,1995,15,M,0.32
Japan,JPN,1995,25,F,0.29
Japan,JPN,1995,25,M,0.75
Japan,JPN,1995,45,F,1.4100001
Japan,JPN,1995,45,M,2.52
Japan,JPN,1995,65,F,7.1800003
Japan,JPN,1995,65,M,17.01
Japan,JPN,1995,80,F,42.48
Japan,JPN,1995,80,M,76.74
Japan,JPN,1996,0,F,3.49
Japan,JPN,1996,0,M,4.1800003
Japan,JPN,1996,10,F,0.08
Japan,JPN,1996,10,M,0.12
Japan,JPN,1996,15,F,0.15
Japan,JPN,1996,15,M,0.26999998
Japan,JPN,1996,25,F,0.26999998
Japan,JPN,1996,25,M,0.71
Japan,JPN,1996,45,F,1.3
Japan,JPN,1996,45,M,2.4
Japan,JPN,1996,65,F,6.6800003
Japan,JPN,1996,65,M,16.59
Japan,JPN,1996,80,F,39.44
Japan,JPN,1996,80,M,71.71999
Japan,JPN,1997,0,F,3.4099998
Japan,JPN,1997,0,M,3.9400003
Japan,JPN,1997,10,F,0.07
Japan,JPN,1997,10,M,0.12
Japan,JPN,1997,15,F,0.14
Japan,JPN,1997,15,M,0.25
Japan,JPN,1997,25,F,0.26999998
Japan,JPN,1997,25,M,0.66
Japan,JPN,1997,45,F,1.21
Japan,JPN,1997,45,M,2.34
Japan,JPN,1997,65,F,6.67
Japan,JPN,1997,65,M,16.349998
Japan,JPN,1997,80,F,37.489998
Japan,JPN,1997,80,M,71.46
Japan,JPN,1998,0,F,3.47
Japan,JPN,1998,0,M,3.8799999
Japan,JPN,1998,10,F,0.09
Japan,JPN,1998,10,M,0.12
Japan,JPN,1998,15,F,0.13
Japan,JPN,1998,15,M,0.26
Japan,JPN,1998,25,F,0.29
Japan,JPN,1998,25,M,0.71
Japan,JPN,1998,45,F,1.26
Japan,JPN,1998,45,M,2.4
Japan,JPN,1998,65,F,6.7400002
Japan,JPN,1998,65,M,16.21
Japan,JPN,1998,80,F,36.62
Japan,JPN,1998,80,M,68.57
Japan,JPN,1999,0,F,3.09
Japan,JPN,1999,0,M,3.67
Japan,JPN,1999,10,F,0.08
Japan,JPN,1999,10,M,0.16
Japan,JPN,1999,15,F,0.15
Japan,JPN,1999,15,M,0.29
Japan,JPN,1999,25,F,0.31
Japan,JPN,1999,25,M,0.72
Japan,JPN,1999,45,F,1.25
Japan,JPN,1999,45,M,2.44
Japan,JPN,1999,65,F,6.35
Japan,JPN,1999,65,M,15.85
Japan,JPN,1999,80,F,37.06
Japan,JPN,1999,80,M,70.29
Japan,JPN,2000,0,F,3.0400002
Japan,JPN,2000,0,M,3.5300002
Japan,JPN,2000,10,F,0.07
Japan,JPN,2000,10,M,0.099999994
Japan,JPN,2000,15,F,0.12
Japan,JPN,2000,15,M,0.24
Japan,JPN,2000,25,F,0.29
Japan,JPN,2000,25,M,0.65
Japan,JPN,2000,45,F,1.24
Japan,JPN,2000,45,M,2.37
Japan,JPN,2000,65,F,6.31
Japan,JPN,2000,65,M,15.11
Japan,JPN,2000,80,F,33.989998
Japan,JPN,2000,80,M,67.52
Japan,JPN,2001,0,F,2.84
Japan,JPN,2001,0,M,3.33
Japan,JPN,2001,10,F,0.07
Japan,JPN,2001,10,M,0.099999994
Japan,JPN,2001,15,F,0.12
Japan,JPN,2001,15,M,0.26
Japan,JPN,2001,25,F,0.28
Japan,JPN,2001,25,M,0.66
Japan,JPN,2001,45,F,1.2
Japan,JPN,2001,45,M,2.35
Japan,JPN,2001,65,F,5.83
Japan,JPN,2001,65,M,13.89
Japan,JPN,2001,80,F,32.43
Japan,JPN,2001,80,M,63.440002
Japan,JPN,2002,0,F,2.8200002
Japan,JPN,2002,0,M,3.1999998
Japan,JPN,2002,10,F,0.099999994
Japan,JPN,2002,10,M,0.09
Japan,JPN,2002,15,F,0.12
Japan,JPN,2002,15,M,0.23
Japan,JPN,2002,25,F,0.25
Japan,JPN,2002,25,M,0.63
Japan,JPN,2002,45,F,1.12
Japan,JPN,2002,45,M,2.2199998
Japan,JPN,2002,65,F,5.7799997
Japan,JPN,2002,65,M,13.73
Japan,JPN,2002,80,F,31.22
Japan,JPN,2002,80,M,63.22
Japan,JPN,2003,0,F,2.87
Japan,JPN,2003,0,M,3.08
Japan,JPN,2003,10,F,0.07
Japan,JPN,2003,10,M,0.09
Japan,JPN,2003,15,F,0.12
Japan,JPN,2003,15,M,0.24
Japan,JPN,2003,25,F,0.31
Japan,JPN,2003,25,M,0.66
Japan,JPN,2003,45,F,1.15
Japan,JPN,2003,45,M,2.47
Japan,JPN,2003,65,F,5.63
Japan,JPN,2003,65,M,13.34
Japan,JPN,2003,80,F,30.51
Japan,JPN,2003,80,M,62.120003
Japan,JPN,2004,0,F,2.6100001
Japan,JPN,2004,0,M,3.03
Japan,JPN,2004,10,F,0.07
Japan,JPN,2004,10,M,0.08
Japan,JPN,2004,15,F,0.12
Japan,JPN,2004,15,M,0.21
Japan,JPN,2004,25,F,0.29
Japan,JPN,2004,25,M,0.59000003
Japan,JPN,2004,45,F,1.13
Japan,JPN,2004,45,M,2.3600001
Japan,JPN,2004,65,F,5.4
Japan,JPN,2004,65,M,12.75
Japan,JPN,2004,80,F,29.92
Japan,JPN,2004,80,M,62.059998
Japan,JPN,2005,0,F,2.51
Japan,JPN,2005,0,M,2.99
Japan,JPN,2005,10,F,0.09
Japan,JPN,2005,10,M,0.09
Japan,JPN,2005,15,F,0.13
Japan,JPN,2005,15,M,0.23
Japan,JPN,2005,25,F,0.3
Japan,JPN,2005,25,M,0.66
Japan,JPN,2005,45,F,1.13
Japan,JPN,2005,45,M,2.25
Japan,JPN,2005,65,F,5.46
Japan,JPN,2005,65,M,12.89
Japan,JPN,2005,80,F,29.51
Japan,JPN,2005,80,M,63.150005
Japan,JPN,2006,0,F,2.52
Japan,JPN,2006,0,M,2.86
Japan,JPN,2006,10,F,0.07
Japan,JPN,2006,10,M,0.09
Japan,JPN,2006,15,F,0.13
Japan,JPN,2006,15,M,0.21
Japan,JPN,2006,25,F,0.32
Japan,JPN,2006,25,M,0.58
Japan,JPN,2006,45,F,1.0600001
Japan,JPN,2006,45,M,2.23
Japan,JPN,2006,65,F,5.32
Japan,JPN,2006,65,M,12.75
Japan,JPN,2006,80,F,28.550001
Japan,JPN,2006,80,M,60.449997
Japan,JPN,2007,0,F,2.45
Japan,JPN,2007,0,M,2.76
Japan,JPN,2007,10,F,0.07
Japan,JPN,2007,10,M,0.09
Japan,JPN,2007,15,F,0.099999994
Japan,JPN,2007,15,M,0.17
Japan,JPN,2007,25,F,0.31
Japan,JPN,2007,25,M,0.59000003
Japan,JPN,2007,45,F,1.09
Japan,JPN,2007,45,M,2.08
Japan,JPN,2007,65,F,5.21
Japan,JPN,2007,65,M,12.52
Japan,JPN,2007,80,F,27.9
Japan,JPN,2007,80,M,60.559998
Japan,JPN,2008,0,F,2.48
Japan,JPN,2008,0,M,2.6799998
Japan,JPN,2008,10,F,0.07
Japan,JPN,2008,10,M,0.07
Japan,JPN,2008,15,F,0.14
Japan,JPN,2008,15,M,0.19999999
Japan,JPN,2008,25,F,0.34
Japan,JPN,2008,25,M,0.63
Japan,JPN,2008,45,F,1.04
Japan,JPN,2008,45,M,1.9399999
Japan,JPN,2008,65,F,4.8500004
Japan,JPN,2008,65,M,12.59
Japan,JPN,2008,80,F,27.27
Japan,JPN,2008,80,M,59.46
Japan,JPN,2009,0,F,2.14
Japan,JPN,2009,0,M,2.63
Japan,JPN,2009,10,F,0.08
Japan,JPN,2009,10,M,0.08
Japan,JPN,2009,15,F,0.099999994
Japan,JPN,2009,15,M,0.15
Japan,JPN,2009,25,F,0.32
Japan,JPN,2009,25,M,0.57
Japan,JPN,2009,45,F,1.1
Japan,JPN,2009,45,M,2.07
Japan,JPN,2009,65,F,4.8199997
Japan,JPN,2009,65,M,12.32
Japan,JPN,2009,80,F,26.44
Japan,JPN,2009,80,M,57.32
Japan,JPN,2010,0,F,2.14
Japan,JPN,2010,0,M,2.52
Japan,JPN,2010,10,F,0.06
Japan,JPN,2010,10,M,0.08
Japan,JPN,2010,15,F,0.14
Japan,JPN,2010,15,M,0.16
Japan,JPN,2010,25,F,0.26
Japan,JPN,2010,25,M,0.62
Japan,JPN,2010,45,F,1.15
Japan,JPN,2010,45,M,2.05
Japan,JPN,2010,65,F,5.21
Japan,JPN,2010,65,M,12.55
Japan,JPN,2010,80,F,26.6
Japan,JPN,2010,80,M,57.890003
Japan,JPN,2011,0,F,2.34
Japan,JPN,2011,0,M,2.37
Japan,JPN,2011,10,F,0.12
Japan,JPN,2011,10,M,0.11
Japan,JPN,2011,15,F,0.14
Japan,JPN,2011,15,M,0.21
Japan,JPN,2011,25,F,0.36
Japan,JPN,2011,25,M,0.65
Japan,JPN,2011,45,F,1.1899999
Japan,JPN,2011,45,M,1.91
Japan,JPN,2011,65,F,4.9100003
Japan,JPN,2011,65,M,12.0
Japan,JPN,2011,80,F,26.8
Japan,JPN,2011,80,M,57.739998
Japan,JPN,2012,0,F,2.1299999
Japan,JPN,2012,0,M,2.31
Japan,JPN,2012,10,F,0.049999997
Japan,JPN,2012,10,M,0.07
Japan,JPN,2012,15,F,0.099999994
Japan,JPN,2012,15,M,0.15
Japan,JPN,2012,25,F,0.26999998
Japan,JPN,2012,25,M,0.63
Japan,JPN,2012,45,F,0.98999995
Japan,JPN,2012,45,M,1.7199999
Japan,JPN,2012,65,F,4.9700003
Japan,JPN,2012,65,M,11.93
Japan,JPN,2012,80,F,26.62
Japan,JPN,2012,80,M,56.29
Japan,JPN,2013,0,F,1.99
Japan,JPN,2013,0,M,2.28
Japan,JPN,2013,10,F,0.06
Japan,JPN,2013,10,M,0.06
Japan,JPN,2013,15,F,0.11
Japan,JPN,2013,15,M,0.14
Japan,JPN,2013,25,F,0.23
Japan,JPN,2013,25,M,0.59000003
Japan,JPN,2013,45,F,1.0
Japan,JPN,2013,45,M,1.84
Japan,JPN,2013,65,F,4.88
Japan,JPN,2013,65,M,11.86
Japan,JPN,2013,80,F,25.529999
Japan,JPN,2013,80,M,53.76
Japan,JPN,2014,0,F,1.99
Japan,JPN,2014,0,M,2.17
Japan,JPN,2014,10,F,0.06
Japan,JPN,2014,10,M,0.08
Japan,JPN,2014,15,F,0.09
Japan,JPN,2014,15,M,0.16
Japan,JPN,2014,25,F,0.25
Japan,JPN,2014,25,M,0.61
Japan,JPN,2014,45,F,1.01
Japan,JPN,2014,45,M,1.7
Japan,JPN,2014,65,F,5.0
Japan,JPN,2014,65,M,11.87
Japan,JPN,2014,80,F,24.529999
Japan,JPN,2014,80,M,50.54
Japan,JPN,2015,0,F,1.8299999
Japan,JPN,2015,0,M,2.08
Japan,JPN,2015,10,F,0.07
Japan,JPN,2015,10,M,0.06
Japan,JPN,2015,15,F,0.09
Japan,JPN,2015,15,M,0.17
Japan,JPN,2015,25,F,0.22
Japan,JPN,2015,25,M,0.58
Japan,JPN,2015,45,F,0.94
Japan,JPN,2015,45,M,1.5699999
Japan,JPN,2015,65,F,4.6299996
Japan,JPN,2015,65,M,11.21
Japan,JPN,2015,80,F,24.019999
Japan,JPN,2015,80,M,50.44
Japan,JPN,2016,0,F,2.01
Japan,JPN,2016,0,M,1.9799999
Japan,JPN,2016,10,F,0.07
Japan,JPN,2016,10,M,0.07
Japan,JPN,2016,15,F,0.08
Japan,JPN,2016,15,M,0.17
Japan,JPN,2016,25,F,0.26999998
Japan,JPN,2016,25,M,0.57
Japan,JPN,2016,45,F,0.93
Japan,JPN,2016,45,M,1.5699999
Japan,JPN,2016,65,F,4.56
Japan,JPN,2016,65,M,10.809999
Japan,JPN,2016,80,F,23.390001
Japan,JPN,2016,80,M,48.23
Japan,JPN,2017,0,F,1.79
Japan,JPN,2017,0,M,1.9
Japan,JPN,2017,10,F,0.049999997
Japan,JPN,2017,10,M,0.08
Japan,JPN,2017,15,F,0.09
Japan,JPN,2017,15,M,0.17
Japan,JPN,2017,25,F,0.24
Japan,JPN,2017,25,M,0.5
Japan,JPN,2017,45,F,0.91
Japan,JPN,2017,45,M,1.59
Japan,JPN,2017,65,F,4.54
Japan,JPN,2017,65,M,10.65
Japan,JPN,2017,80,F,23.53
Japan,JPN,2017,80,M,48.45
Japan,JPN,2018,0,F,1.8
Japan,JPN,2018,0,M,1.96
Japan,JPN,2018,10,F,0.049999997
Japan,JPN,2018,10,M,0.08
Japan,JPN,2018,15,F,0.11
Japan,JPN,2018,15,M,0.18
Japan,JPN,2018,25,F,0.22
Japan,JPN,2018,25,M,0.51
Japan,JPN,2018,45,F,0.91
Japan,JPN,2018,45,M,1.5
Japan,JPN,2018,65,F,4.3700004
Japan,JPN,2018,65,M,10.58
Japan,JPN,2018,80,F,22.980001
Japan,JPN,2018,80,M,47.1
Japan,JPN,2019,0,F,1.77
Japan,JPN,2019,0,M,1.9700001
Japan,JPN,2019,10,F,0.049999997
Japan,JPN,2019,10,M,0.049999997
Japan,JPN,2019,15,F,0.12
Japan,JPN,2019,15,M,0.16
Japan,JPN,2019,25,F,0.21
Japan,JPN,2019,25,M,0.42
Japan,JPN,2019,45,F,0.92
Japan,JPN,2019,45,M,1.46
Japan,JPN,2019,65,F,4.35
Japan,JPN,2019,65,M,10.150001
Japan,JPN,2019,80,F,22.0
Japan,JPN,2019,80,M,45.63
Japan,JPN,2020,0,F,1.73
Japan,JPN,2020,0,M,1.86
Japan,JPN,2020,10,F,0.06
Japan,JPN,2020,10,M,0.049999997
Japan,JPN,2020,15,F,0.11
Japan,JPN,2020,15,M,0.16
Japan,JPN,2020,25,F,0.26
Japan,JPN,2020,25,M,0.48
Japan,JPN,2020,45,F,0.92
Japan,JPN,2020,45,M,1.51
Japan,JPN,2020,65,F,4.23
Japan,JPN,2020,65,M,10.110001
Japan,JPN,2020,80,F,21.67
Japan,JPN,2020,80,M,45.09
Japan,JPN,2021,0,F,1.62
Japan,JPN,2021,0,M,1.84
Japan,JPN,2021,10,F,0.049999997
Japan,JPN,2021,10,M,0.049999997
Japan,JPN,2021,15,F,0.13
Japan,JPN,2021,15,M,0.17
Japan,JPN,2021,25,F,0.25
Japan,JPN,2021,25,M,0.5
Japan,JPN,2021,45,F,0.85999995
Japan,JPN,2021,45,M,1.37
Japan,JPN,2021,65,F,4.33
Japan,JPN,2021,65,M,10.219999
Japan,JPN,2021,80,F,22.19
Japan,JPN,2021,80,M,47.0
Japan,JPN,2022,0,F,1.60219
Japan,JPN,2022,0,M,1.8127999
Japan,JPN,2022,10,F,0.06015
Japan,JPN,2022,10,M,0.060170002
Japan,JPN,2022,15,F,0.13037999
Japan,JPN,2022,15,M,0.19062
Japan,JPN,2022,25,F,0.28146
Japan,JPN,2022,25,M,0.45322
Japan,JPN,2022,45,F,0.90305
Japan,JPN,2022,45,M,1.41136
Japan,JPN,2022,65,F,4.4930897
Japan,JPN,2022,65,M,10.49495
Japan,JPN,2022,80,F,23.81397
Japan,JPN,2022,80,M,49.75108
Japan,JPN,2023,0,F,1.56137
Japan,JPN,2023,0,M,1.73773
Japan,JPN,2023,10,F,0.04436
Japan,JPN,2023,10,M,0.04778
Japan,JPN,2023,15,F,0.1171
Japan,JPN,2023,15,M,0.15348
Japan,JPN,2023,25,F,0.23329
Japan,JPN,2023,25,M,0.43495
Japan,JPN,2023,45,F,0.86589
Japan,JPN,2023,45,M,1.3844099
Japan,JPN,2023,65,F,4.14031
Japan,JPN,2023,65,M,9.65675
Japan,JPN,2023,80,F,21.00116
Japan,JPN,2023,80,M,44.38481
United States,USA,1990,0,F,8.61
United States,USA,1990,0,M,10.86
United States,USA,1990,10,F,0.16
United States,USA,1990,10,M,0.22
United States,USA,1990,15,F,0.36
United States,USA,1990,15,M,0.69
United States,USA,1990,25,F,0.58
United States,USA,1990,25,M,1.76
United States,USA,1990,45,F,2.1599998
United States,USA,1990,45,M,4.1299996
United States,USA,1990,65,F,13.8
United States,USA,1990,65,M,24.79
United States,USA,1990,80,F,53.19
United States,USA,1990,80,M,89.07
United States,USA,1991,0,F,8.150001
United States,USA,1991,0,M,10.37
United States,USA,1991,10,F,0.16
United States,USA,1991,10,M,0.24
United States,USA,1991,15,F,0.34
United States,USA,1991,15,M,0.7
United States,USA,1991,25,F,0.56
United States,USA,1991,25,M,1.68
United States,USA,1991,45,F,2.17
United States,USA,1991,45,M,4.17
United States,USA,1991,65,F,13.43
United States,USA,1991,65,M,23.92
United States,USA,1991,80,F,52.260002
United States,USA,1991,80,M,87.65
United States,USA,1992,0,F,7.8299994
United States,USA,1992,0,M,9.669999
United States,USA,1992,10,F,0.14
United States,USA,1992,10,M,0.21
United States,USA,1992,15,F,0.36
United States,USA,1992,15,M,0.71
United States,USA,1992,25,F,0.57
United States,USA,1992,25,M,1.58
United States,USA,1992,45,F,2.0300002
United States,USA,1992,45,M,4.04
United States,USA,1992,65,F,13.02
United States,USA,1992,65,M,23.49
United States,USA,1992,80,F,50.579998
United States,USA,1992,80,M,84.090004
United States,USA,1993,0,F,7.63
United States,USA,1993,0,M,9.5
United States,USA,1993,10,F,0.14
United States,USA,1993,10,M,0.21
United States,USA,1993,15,F,0.33
United States,USA,1993,15,M,0.71
United States,USA,1993,25,F,0.57
United States,USA,1993,25,M,1.58
United States,USA,1993,45,F,2.15
United States,USA,1993,45,M,4.1800003
United States,USA,1993,65,F,13.4
United States,USA,1993,65,M,23.380001
United States,USA,1993,80,F,52.9
United States,USA,1993,80,M,87.619995
United States,USA,1994,0,F,7.4300003
United States,USA,1994,0,M,9.07
United States,USA,1994,10,F,0.14
United States,USA,1994,10,M,0.22
United States,USA,1994,15,F,0.32
United States,USA,1994,15,M,0.72
United States,USA,1994,25,F,0.55
United States,USA,1994,25,M,1.53
United States,USA,1994,45,F,2.1899998
United States,USA,1994,45,M,4.34
United States,USA,1994,65,F,12.94
United States,USA,1994,65,M,22.15
United States,USA,1994,80,F,52.74
United States,USA,1994,80,M,85.58
United States,USA,1995,0,F,7.02
United States,USA,1995,0,M,8.58
United States,USA,1995,10,F,0.15
United States,USA,1995,10,M,0.19999999
United States,USA,1995,15,F,0.33
United States,USA,1995,15,M,0.65
United States,USA,1995,25,F,0.53999996
United States,USA,1995,25,M,1.49
United States,USA,1995,45,F,2.1
United States,USA,1995,45,M,4.3799996
United States,USA,1995,65,F,13.15
United States,USA,1995,65,M,21.95
United States,USA,1995,80,F,52.7
United States,USA,1995,80,M,84.770004
United States,USA,1996,0,F,6.85
United States,USA,1996,0,M,8.32
United States,USA,1996,10,F,0.14
United States,USA,1996,10,M,0.19999999
United States,USA,1996,15,F,0.32
United States,USA,1996,15,M,0.59000003
United States,USA,1996,25,F,0.53999996
United States,USA,1996,25,M,1.42
United States,USA,1996,45,F,2.1599998
United States,USA,1996,45,M,4.17
United States,USA,1996,65,F,12.93
United States,USA,1996,65,M,21.49
United States,USA,1996,80,F,52.67
United States,USA,1996,80,M,83.509995
United States,USA,1997,0,F,6.69
United States,USA,1997,0,M,8.21
United States,USA,1997,10,F,0.15
United States,USA,1997,10,M,0.18
United States,USA,1997,15,F,0.26999998
United States,USA,1997,15,M,0.55
United States,USA,1997,25,F,0.5
United States,USA,1997,25,M,1.38
United States,USA,1997,45,F,2.02
United States,USA,1997,45,M,3.89
United States,USA,1997,65,F,12.87
United States,USA,1997,65,M,21.18
United States,USA,1997,80,F,52.35
United States,USA,1997,80,M,81.21
United States,USA,1998,0,F,6.85
United States,USA,1998,0,M,8.18
United States,USA,1998,10,F,0.13
United States,USA,1998,10,M,0.19000001
United States,USA,1998,15,F,0.28
United States,USA,1998,15,M,0.51
United States,USA,1998,25,F,0.49
United States,USA,1998,25,M,1.2900001
United States,USA,1998,45,F,2.05
United States,USA,1998,45,M,3.79
United States,USA,1998,65,F,13.15
United States,USA,1998,65,M,20.95
United States,USA,1998,80,F,52.67
United States,USA,1998,80,M,81.380005
United States,USA,1999,0,F,6.63
United States,USA,1999,0,M,8.04
United States,USA,1999,10,F,0.14
United States,USA,1999,10,M,0.18
United States,USA,1999,15,F,0.26999998
United States,USA,1999,15,M,0.49
United States,USA,1999,25,F,0.49
United States,USA,1999,25,M,1.21
United States,USA,1999,45,F,2.14
United States,USA,1999,45,M,3.75
United States,USA,1999,65,F,13.04
United States,USA,1999,65,M,20.57
United States,USA,1999,80,F,53.52
United States,USA,1999,80,M,80.0
United States,USA,2000,0,F,6.5
United States,USA,2000,0,M,7.9100003
United States,USA,2000,10,F,0.12
United States,USA,2000,10,M,0.18
United States,USA,2000,15,F,0.26999998
United States,USA,2000,15,M,0.49
United States,USA,2000,25,F,0.49
United States,USA,2000,25,M,1.27
United States,USA,2000,45,F,2.18
United States,USA,2000,45,M,3.84
United States,USA,2000,65,F,12.63
United States,USA,2000,65,M,19.74
United States,USA,2000,80,F,54.25
United States,USA,2000,80,M,80.43
United States,USA,2001,0,F,6.23
United States,USA,2001,0,M,7.63
United States,USA,2001,10,F,0.12
United States,USA,2001,10,M,0.18
United States,USA,2001,15,F,0.25
United States,USA,2001,15,M,0.46
United States,USA,2001,25,F,0.51
United States,USA,2001,25,M,1.32
United States,USA,2001,45,F,2.25
United States,USA,2001,45,M,3.87
United States,USA,2001,65,F,12.29
United States,USA,2001,65,M,19.37
United States,USA,2001,80,F,51.98
United States,USA,2001,80,M,76.049995
United States,USA,2002,0,F,6.35
United States,USA,2002,0,M,7.75
United States,USA,2002,10,F,0.12
United States,USA,2002,10,M,0.17
United States,USA,2002,15,F,0.25
United States,USA,2002,15,M,0.42999998
United States,USA,2002,25,F,0.49
United States,USA,2002,25,M,1.35
United States,USA,2002,45,F,2.31
United States,USA,2002,45,M,3.85
United States,USA,2002,65,F,12.07
United States,USA,2002,65,M,18.91
United States,USA,2002,80,F,52.35
United States,USA,2002,80,M,76.06
United States,USA,2003,0,F,6.23
United States,USA,2003,0,M,7.82
United States,USA,2003,10,F,0.14
United States,USA,2003,10,M,0.18
United States,USA,2003,15,F,0.24
United States,USA,2003,15,M,0.42
United States,USA,2003,25,F,0.5
United States,USA,2003,25,M,1.37
United States,USA,2003,45,F,2.29
United States,USA,2003,45,M,3.8300002
United States,USA,2003,65,F,11.94
United States,USA,2003,65,M,18.5
United States,USA,2003,80,F,50.980003
United States,USA,2003,80,M,74.25
United States,USA,2004,0,F,6.25
United States,USA,2004,0,M,7.68
United States,USA,2004,10,F,0.13
United States,USA,2004,10,M,0.15
United States,USA,2004,15,F,0.26
United States,USA,2004,15,M,0.45
United States,USA,2004,25,F,0.48
United States,USA,2004,25,M,1.44
United States,USA,2004,45,F,2.24
United States,USA,2004,45,M,3.77
United States,USA,2004,65,F,11.52
United States,USA,2004,65,M,17.75
United States,USA,2004,80,F,48.71
United States,USA,2004,80,M,71.41
United States,USA,2005,0,F,6.33
United States,USA,2005,0,M,7.7999997
United States,USA,2005,10,F,0.11
United States,USA,2005,10,M,0.13
United States,USA,2005,15,F,0.23
United States,USA,2005,15,M,0.45
United States,USA,2005,25,F,0.51
United States,USA,2005,25,M,1.46
United States,USA,2005,45,F,2.23
United States,USA,2005,45,M,3.8
United States,USA,2005,65,F,11.2699995
United States,USA,2005,65,M,17.449999
United States,USA,2005,80,F,49.59
United States,USA,2005,80,M,70.759995
United States,USA,2006,0,F,6.3399997
United States,USA,2006,0,M,7.71
United States,USA,2006,10,F,0.11
United States,USA,2006,10,M,0.14
United States,USA,2006,15,F,0.22
United States,USA,2006,15,M,0.42
United States,USA,2006,25,F,0.52
United States,USA,2006,25,M,1.5200001
United States,USA,2006,45,F,2.25
United States,USA,2006,45,M,3.65
United States,USA,2006,65,F,10.97
United States,USA,2006,65,M,16.960001
United States,USA,2006,80,F,47.54
United States,USA,2006,80,M,68.43
United States,USA,2007,0,F,6.36
United States,USA,2007,0,M,7.7200003
United States,USA,2007,10,F,0.12
United States,USA,2007,10,M,0.15
United States,USA,2007,15,F,0.22
United States,USA,2007,15,M,0.39999998
United States,USA,2007,25,F,0.5
United States,USA,2007,25,M,1.43
United States,USA,2007,45,F,2.15
United States,USA,2007,45,M,3.65
United States,USA,2007,65,F,10.98
United States,USA,2007,65,M,17.0
United States,USA,2007,80,F,46.11
United States,USA,2007,80,M,66.35
United States,USA,2008,0,F,6.1400003
United States,USA,2008,0,M,7.44
United States,USA,2008,10,F,0.099999994
United States,USA,2008,10,M,0.13
United States,USA,2008,15,F,0.22
United States,USA,2008,15,M,0.38000003
United States,USA,2008,25,F,0.52
United States,USA,2008,25,M,1.42
United States,USA,2008,45,F,2.18
United States,USA,2008,45,M,3.5
United States,USA,2008,65,F,10.76
United States,USA,2008,65,M,16.86
United States,USA,2008,80,F,46.28
United States,USA,2008,80,M,65.37
United States,USA,2009,0,F,5.8900003
United States,USA,2009,0,M,7.2200003
United States,USA,2009,10,F,0.099999994
United States,USA,2009,10,M,0.12
United States,USA,2009,15,F,0.19999999
United States,USA,2009,15,M,0.34
United States,USA,2009,25,F,0.51
United States,USA,2009,25,M,1.32
United States,USA,2009,45,F,2.17
United States,USA,2009,45,M,3.4399998
United States,USA,2009,65,F,10.52
United States,USA,2009,65,M,16.5
United States,USA,2009,80,F,44.440002
United States,USA,2009,80,M,62.43
United States,USA,2010,0,F,5.63
United States,USA,2010,0,M,6.7799997
United States,USA,2010,10,F,0.099999994
United States,USA,2010,10,M,0.11
United States,USA,2010,15,F,0.18
United States,USA,2010,15,M,0.32
United States,USA,2010,25,F,0.51
United States,USA,2010,25,M,1.31
United States,USA,2010,45,F,2.01
United States,USA,2010,45,M,3.29
United States,USA,2010,65,F,10.09
United States,USA,2010,65,M,15.809999
United States,USA,2010,80,F,44.6
United States,USA,2010,80,M,61.92
United States,USA,2011,0,F,5.52
United States,USA,2011,0,M,6.5899997
United States,USA,2011,10,F,0.099999994
United States,USA,2011,10,M,0.12
United States,USA,2011,15,F,0.18
United States,USA,2011,15,M,0.31
United States,USA,2011,25,F,0.53000003
United States,USA,2011,25,M,1.3399999
United States,USA,2011,45,F,2.04
United States,USA,2011,45,M,3.23
United States,USA,2011,65,F,10.07
United States,USA,2011,65,M,15.35
United States,USA,2011,80,F,44.6
United States,USA,2011,80,M,60.82
United States,USA,2012,0,F,5.46
United States,USA,2012,0,M,6.54
United States,USA,2012,10,F,0.099999994
United States,USA,2012,10,M,0.12
United States,USA,2012,15,F,0.19000001
United States,USA,2012,15,M,0.33
United States,USA,2012,25,F,0.51
United States,USA,2012,25,M,1.32
United States,USA,2012,45,F,2.01
United States,USA,2012,45,M,3.0700002
United States,USA,2012,65,F,9.809999
United States,USA,2012,65,M,15.309999
United States,USA,2012,80,F,43.46
United States,USA,2012,80,M,58.97
United States,USA,2013,0,F,5.3599997
United States,USA,2013,0,M,6.51
United States,USA,2013,10,F,0.099999994
United States,USA,2013,10,M,0.11
United States,USA,2013,15,F,0.17
United States,USA,2013,15,M,0.33
United States,USA,2013,25,F,0.49
United States,USA,2013,25,M,1.31
United States,USA,2013,45,F,2.02
United States,USA,2013,45,M,3.09
United States,USA,2013,65,F,10.049999
United States,USA,2013,65,M,15.549999
United States,USA,2013,80,F,42.100002
United States,USA,2013,80,M,58.11
United States,USA,2014,0,F,5.34
United States,USA,2014,0,M,6.36
United States,USA,2014,10,F,0.08
United States,USA,2014,10,M,0.12
United States,USA,2014,15,F,0.18
United States,USA,2014,15,M,0.31
United States,USA,2014,25,F,0.51
United States,USA,2014,25,M,1.35
United States,USA,2014,45,F,1.9799999
United States,USA,2014,45,M,3.06
United States,USA,2014,65,F,9.68
United States,USA,2014,65,M,15.650001
United States,USA,2014,80,F,41.56
United States,USA,2014,80,M,57.149998
United States,USA,2015,0,F,5.38
United States,USA,2015,0,M,6.3900003
United States,USA,2015,10,F,0.08
United States,USA,2015,10,M,0.13
United States,USA,2015,15,F,0.18
United States,USA,2015,15,M,0.34
United States,USA,2015,25,F,0.56
United States,USA,2015,25,M,1.4499999
United States,USA,2015,45,F,2.0300002
United States,USA,2015,45,M,3.11
United States,USA,2015,65,F,9.72
United States,USA,2015,65,M,16.0
United States,USA,2015,80,F,41.99
United States,USA,2015,80,M,57.73
United States,USA,2016,0,F,5.33
United States,USA,2016,0,M,6.37
United States,USA,2016,10,F,0.09
United States,USA,2016,10,M,0.13
United States,USA,2016,15,F,0.19000001
United States,USA,2016,15,M,0.36
United States,USA,2016,25,F,0.6
United States,USA,2016,25,M,1.62
United States,USA,2016,45,F,2.0900002
United States,USA,2016,45,M,3.24
United States,USA,2016,65,F,9.7300005
United States,USA,2016,65,M,16.15
United States,USA,2016,80,F,41.21
United States,USA,2016,80,M,56.41
United States,USA,2017,0,F,5.19
United States,USA,2017,0,M,6.27
United States,USA,2017,10,F,0.099999994
United States,USA,2017,10,M,0.14
United States,USA,2017,15,F,0.21
United States,USA,2017,15,M,0.38000003
United States,USA,2017,25,F,0.62
United States,USA,2017,25,M,1.5999999
United States,USA,2017,45,F,2.02
United States,USA,2017,45,M,3.4099998
United States,USA,2017,65,F,9.929999
United States,USA,2017,65,M,16.37
United States,USA,2017,80,F,41.019997
United States,USA,2017,80,M,56.39
United States,USA,2018,0,F,5.0099998
United States,USA,2018,0,M,6.16
United States,USA,2018,10,F,0.11
United States,USA,2018,10,M,0.12
United States,USA,2018,15,F,0.19999999
United States,USA,2018,15,M,0.37
United States,USA,2018,25,F,0.58
United States,USA,2018,25,M,1.5
United States,USA,2018,45,F,2.0300002
United States,USA,2018,45,M,3.33
United States,USA,2018,65,F,9.78
United States,USA,2018,65,M,16.4
United States,USA,2018,80,F,40.38
United States,USA,2018,80,M,55.95
United States,USA,2019,0,F,5.03
United States,USA,2019,0,M,6.07
United States,USA,2019,10,F,0.09
United States,USA,2019,10,M,0.14
United States,USA,2019,15,F,0.19000001
United States,USA,2019,15,M,0.35
United States,USA,2019,25,F,0.58
United States,USA,2019,25,M,1.51
United States,USA,2019,45,F,1.99
United States,USA,2019,45,M,3.3
United States,USA,2019,65,F,9.59
United States,USA,2019,65,M,16.26
United States,USA,2019,80,F,40.11
United States,USA,2019,80,M,55.38
United States,USA,2020,0,F,4.8199997
United States,USA,2020,0,M,5.74
United States,USA,2020,10,F,0.09
United States,USA,2020,10,M,0.13
United States,USA,2020,15,F,0.21
United States,USA,2020,15,M,0.41
United States,USA,2020,25,F,0.72
United States,USA,2020,25,M,1.84
United States,USA,2020,45,F,2.4
United States,USA,2020,45,M,4.09
United States,USA,2020,65,F,11.400001
United States,USA,2020,65,M,18.91
United States,USA,2020,80,F,47.52
United States,USA,2020,80,M,66.21
United States,USA,2021,0,F,5.15
United States,USA,2021,0,M,5.96
United States,USA,2021,10,F,0.099999994
United States,USA,2021,10,M,0.14
United States,USA,2021,15,F,0.22
United States,USA,2021,15,M,0.42
United States,USA,2021,25,F,0.76000005
United States,USA,2021,25,M,2.01
United States,USA,2021,45,F,2.73
United States,USA,2021,45,M,4.75
United States,USA,2021,65,F,12.280001
United States,USA,2021,65,M,19.98
United States,USA,2021,80,F,46.93
United States,USA,2021,80,M,65.11
United States,USA,2022,0,F,4.9517403
United States,USA,2022,0,M,5.88965
United States,USA,2022,10,F,0.0853
United States,USA,2022,10,M,0.13280001
United States,USA,2022,15,F,0.19521
United States,USA,2022,15,M,0.37897
United States,USA,2022,25,F,0.6655
United States,USA,2022,25,M,1.78136
United States,USA,2022,45,F,2.22376
United States,USA,2022,45,M,3.73459
United States,USA,2022,65,F,10.31816
United States,USA,2022,65,M,17.687449
United States,USA,2022,80,F,40.87822
United States,USA,2022,80,M,57.21434
United States,USA,2023,0,F,4.8031
United States,USA,2023,0,M,5.78676
United States,USA,2023,10,F,0.08349
United States,USA,2023,10,M,0.12953
United States,USA,2023,15,F,0.17369
United States,USA,2023,15,M,0.32145998
United States,USA,2023,25,F,0.58575
United States,USA,2023,25,M,1.52921
United States,USA,2023,45,F,1.9393799
United States,USA,2023,45,M,3.21999
United States,USA,2023,65,F,9.18766
United States,USA,2023,65,M,15.5941
United States,USA,2023,80,F,37.97524
United States,USA,2023,80,M,52.499672
