entity,code,year,indicator,value
China,CHN,1990,SP.POP.0014.FE.IN,157328589.0
China,CHN,1990,SP.POP.0014.MA.IN,169580425.0
China,CHN,1990,SP.POP.1564.FE.IN,365238195.0
China,CHN,1990,SP.POP.1564.MA.IN,382360365.0
China,CHN,1990,SP.POP.65UP.FE.IN,34265376.0
China,CHN,1990,SP.POP.65UP.MA.IN,26412050.0
China,CHN,1991,SP.POP.0014.FE.IN,158376681.0
China,CHN,1991,SP.POP.0014.MA.IN,171315275.0
China,CHN,1991,SP.POP.1564.FE.IN,370598296.0
China,CHN,1991,SP.POP.1564.MA.IN,387741122.0
China,CHN,1991,SP.POP.65UP.FE.IN,35297875.0
China,CHN,1991,SP.POP.65UP.MA.IN,27450751.0
China,CHN,1992,SP.POP.0014.FE.IN,158658986.0
China,CHN,1992,SP.POP.0014.MA.IN,172214494.0
China,CHN,1992,SP.POP.1564.FE.IN,375995200.0
China,CHN,1992,SP.POP.1564.MA.IN,393135394.0
China,CHN,1992,SP.POP.65UP.FE.IN,36399816.0
China,CHN,1992,SP.POP.65UP.MA.IN,28566111.0
China,CHN,1993,SP.POP.0014.FE.IN,158787910.0
China,CHN,1993,SP.POP.0014.MA.IN,172970219.0
China,CHN,1993,SP.POP.1564.FE.IN,381038385.0
China,CHN,1993,SP.POP.1564.MA.IN,398159767.0
China,CHN,1993,SP.POP.65UP.FE.IN,37662188.0
China,CHN,1993,SP.POP.65UP.MA.IN,29821530.0
China,CHN,1994,SP.POP.0014.FE.IN,158467030.0
China,CHN,1994,SP.POP.0014.MA.IN,173277786.0
China,CHN,1994,SP.POP.1564.FE.IN,386412300.0
China,CHN,1994,SP.POP.1564.MA.IN,403534425.0
China,CHN,1994,SP.POP.65UP.FE.IN,39015238.0
China,CHN,1994,SP.POP.65UP.MA.IN,31128221.0
China,CHN,1995,SP.POP.0014.FE.IN,157558043.0
China,CHN,1995,SP.POP.0014.MA.IN,172981619.0
China,CHN,1995,SP.POP.1564.FE.IN,392132558.0
China,CHN,1995,SP.POP.1564.MA.IN,409252019.0
China,CHN,1995,SP.POP.65UP.FE.IN,40435116.0
China,CHN,1995,SP.POP.65UP.MA.IN,32495644.0
China,CHN,1996,SP.POP.0014.FE.IN,156067808.0
China,CHN,1996,SP.POP.0014.MA.IN,172074780.0
China,CHN,1996,SP.POP.1564.FE.IN,398248213.0
China,CHN,1996,SP.POP.1564.MA.IN,415366127.0
China,CHN,1996,SP.POP.65UP.FE.IN,41889664.0
China,CHN,1996,SP.POP.65UP.MA.IN,33903408.0
China,CHN,1997,SP.POP.0014.FE.IN,153725372.0
China,CHN,1997,SP.POP.0014.MA.IN,170257851.0
China,CHN,1997,SP.POP.1564.FE.IN,405088386.0
China,CHN,1997,SP.POP.1564.MA.IN,422265440.0
China,CHN,1997,SP.POP.65UP.FE.IN,43389428.0
China,CHN,1997,SP.POP.65UP.MA.IN,35348522.0
China,CHN,1998,SP.POP.0014.FE.IN,151286246.0
China,CHN,1998,SP.POP.0014.MA.IN,168325699.0
China,CHN,1998,SP.POP.1564.FE.IN,411539877.0
China,CHN,1998,SP.POP.1564.MA.IN,428778874.0
China,CHN,1998,SP.POP.65UP.FE.IN,45048737.0
China,CHN,1998,SP.POP.65UP.MA.IN,36955567.0
China,CHN,1999,SP.POP.0014.FE.IN,148912488.0
China,CHN,1999,SP.POP.0014.MA.IN,166439532.0
China,CHN,1999,SP.POP.1564.FE.IN,417352374.0
China,CHN,1999,SP.POP.1564.MA.IN,434662800.0
China,CHN,1999,SP.POP.65UP.FE.IN,46755003.0
China,CHN,1999,SP.POP.65UP.MA.IN,38612803.0
China,CHN,2000,SP.POP.0014.FE.IN,145973362.0
China,CHN,2000,SP.POP.0014.MA.IN,163931444.0
China,CHN,2000,SP.POP.1564.FE.IN,423328959.0
China,CHN,2000,SP.POP.1564.MA.IN,440805428.0
China,CHN,2000,SP.POP.65UP.FE.IN,48411622.0
China,CHN,2000,SP.POP.65UP.MA.IN,40194184.0
China,CHN,2001,SP.POP.0014.FE.IN,142248276.0
China,CHN,2001,SP.POP.0014.MA.IN,160533011.0
China,CHN,2001,SP.POP.1564.FE.IN,429811588.0
China,CHN,2001,SP.POP.1564.MA.IN,447512011.0
China,CHN,2001,SP.POP.65UP.FE.IN,50007120.0
China,CHN,2001,SP.POP.65UP.MA.IN,41737993.0
China,CHN,2002,SP.POP.0014.FE.IN,137555480.0
China,CHN,2002,SP.POP.0014.MA.IN,156018589.0
China,CHN,2002,SP.POP.1564.FE.IN,437045402.0
China,CHN,2002,SP.POP.1564.MA.IN,455010074.0
China,CHN,2002,SP.POP.65UP.FE.IN,51512266.0
China,CHN,2002,SP.POP.65UP.MA.IN,43258189.0
China,CHN,2003,SP.POP.0014.FE.IN,132718963.0
China,CHN,2003,SP.POP.0014.MA.IN,151282130.0
China,CHN,2003,SP.POP.1564.FE.IN,444246917.0
China,CHN,2003,SP.POP.1564.MA.IN,462496080.0
China,CHN,2003,SP.POP.65UP.FE.IN,52931890.0
China,CHN,2003,SP.POP.65UP.MA.IN,44724020.0
China,CHN,2004,SP.POP.0014.FE.IN,127993449.0
China,CHN,2004,SP.POP.0014.MA.IN,146598575.0
China,CHN,2004,SP.POP.1564.FE.IN,451295108.0
China,CHN,2004,SP.POP.1564.MA.IN,469907291.0
China,CHN,2004,SP.POP.65UP.FE.IN,54239449.0
China,CHN,2004,SP.POP.65UP.MA.IN,46041129.0
China,CHN,2005,SP.POP.0014.FE.IN,123017489.0
China,CHN,2005,SP.POP.0014.MA.IN,141565553.0
China,CHN,2005,SP.POP.1564.FE.IN,458583642.0
China,CHN,2005,SP.POP.1564.MA.IN,477694653.0
China,CHN,2005,SP.POP.65UP.FE.IN,55552814.0
China,CHN,2005,SP.POP.65UP.MA.IN,47305850.0
China,CHN,2006,SP.POP.0014.FE.IN,119157944.0
China,CHN,2006,SP.POP.0014.MA.IN,137699446.0
China,CHN,2006,SP.POP.1564.FE.IN,464501197.0
China,CHN,2006,SP.POP.1564.MA.IN,484073652.0
China,CHN,2006,SP.POP.65UP.FE.IN,56963063.0
China,CHN,2006,SP.POP.65UP.MA.IN,48624698.0
China,CHN,2007,SP.POP.0014.FE.IN,116986939.0
China,CHN,2007,SP.POP.0014.MA.IN,135652293.0
China,CHN,2007,SP.POP.1564.FE.IN,468532529.0
China,CHN,2007,SP.POP.1564.MA.IN,488480796.0
China,CHN,2007,SP.POP.65UP.FE.IN,58348040.0
China,CHN,2007,SP.POP.65UP.MA.IN,49884402.0
China,CHN,2008,SP.POP.0014.FE.IN,115551567.0
China,CHN,2008,SP.POP.0014.MA.IN,134367581.0
China,CHN,2008,SP.POP.1564.FE.IN,471866968.0
China,CHN,2008,SP.POP.1564.MA.IN,492189284.0
China,CHN,2008,SP.POP.65UP.FE.IN,59646286.0
China,CHN,2008,SP.POP.65UP.MA.IN,51033314.0
China,CHN,2009,SP.POP.0014.FE.IN,114629596.0
China,CHN,2009,SP.POP.0014.MA.IN,133592500.0
China,CHN,2009,SP.POP.1564.FE.IN,474608187.0
China,CHN,2009,SP.POP.1564.MA.IN,495296860.0
China,CHN,2009,SP.POP.65UP.FE.IN,60963102.0
China,CHN,2009,SP.POP.65UP.MA.IN,52169754.0
China,CHN,2010,SP.POP.0014.FE.IN,114023692.0
China,CHN,2010,SP.POP.0014.MA.IN,133104596.0
China,CHN,2010,SP.POP.1564.FE.IN,476804884.0
China,CHN,2010,SP.POP.1564.MA.IN,497906891.0
China,CHN,2010,SP.POP.65UP.FE.IN,62442512.0
China,CHN,2010,SP.POP.65UP.MA.IN,53422425.0
China,CHN,2011,SP.POP.0014.FE.IN,113760778.0
China,CHN,2011,SP.POP.0014.MA.IN,132945713.0
China,CHN,2011,SP.POP.1564.FE.IN,478808788.0
China,CHN,2011,SP.POP.1564.MA.IN,500360801.0
China,CHN,2011,SP.POP.65UP.FE.IN,64232738.0
China,CHN,2011,SP.POP.65UP.MA.IN,54926182.0
China,CHN,2012,SP.POP.0014.FE.IN,114221536.0
China,CHN,2012,SP.POP.0014.MA.IN,133559486.0
China,CHN,2012,SP.POP.1564.FE.IN,480683034.0
China,CHN,2012,SP.POP.1564.MA.IN,502640881.0
China,CHN,2012,SP.POP.65UP.FE.IN,66347000.0
China,CHN,2012,SP.POP.65UP.MA.IN,56738063.0
China,CHN,2013,SP.POP.0014.FE.IN,115032979.0
China,CHN,2013,SP.POP.0014.MA.IN,134513565.0
China,CHN,2013,SP.POP.1564.FE.IN,481872619.0
China,CHN,2013,SP.POP.1564.MA.IN,504272441.0
China,CHN,2013,SP.POP.65UP.FE.IN,68764418.0
China,CHN,2013,SP.POP.65UP.MA.IN,58783979.0
China,CHN,2014,SP.POP.0014.FE.IN,115934852.0
China,CHN,2014,SP.POP.0014.MA.IN,135508368.0
China,CHN,2014,SP.POP.1564.FE.IN,482416155.0
China,CHN,2014,SP.POP.1564.MA.IN,505393911.0
China,CHN,2014,SP.POP.65UP.FE.IN,71561625.0
China,CHN,2014,SP.POP.65UP.MA.IN,61045089.0
China,CHN,2015,SP.POP.0014.FE.IN,116598306.0
China,CHN,2015,SP.POP.0014.MA.IN,136166443.0
China,CHN,2015,SP.POP.1564.FE.IN,482310233.0
China,CHN,2015,SP.POP.1564.MA.IN,506061884.0
China,CHN,2015,SP.POP.65UP.FE.IN,74985982.0
China,CHN,2015,SP.POP.65UP.MA.IN,63737152.0
China,CHN,2016,SP.POP.0014.FE.IN,117265048.0
China,CHN,2016,SP.POP.0014.MA.IN,136766415.0
China,CHN,2016,SP.POP.1564.FE.IN,481766703.0
China,CHN,2016,SP.POP.1564.MA.IN,506401569.0
China,CHN,2016,SP.POP.65UP.FE.IN,78854392.0
China,CHN,2016,SP.POP.65UP.MA.IN,66735874.0
China,CHN,2017,SP.POP.0014.FE.IN,118414970.0
China,CHN,2017,SP.POP.0014.MA.IN,137834145.0
China,CHN,2017,SP.POP.1564.FE.IN,480570825.0
China,CHN,2017,SP.POP.1564.MA.IN,506077240.0
China,CHN,2017,SP.POP.65UP.FE.IN,83219915.0
China,CHN,2017,SP.POP.65UP.MA.IN,70097905.0
China,CHN,2018,SP.POP.0014.FE.IN,118944248.0
China,CHN,2018,SP.POP.0014.MA.IN,138160262.0
China,CHN,2018,SP.POP.1564.FE.IN,478854987.0
China,CHN,2018,SP.POP.1564.MA.IN,505255727.0
China,CHN,2018,SP.POP.65UP.FE.IN,87861604.0
China,CHN,2018,SP.POP.65UP.MA.IN,73683173.0
China,CHN,2019,SP.POP.0014.FE.IN,118628253.0
China,CHN,2019,SP.POP.0014.MA.IN,137545881.0
China,CHN,2019,SP.POP.1564.FE.IN,477216790.0
China,CHN,2019,SP.POP.1564.MA.IN,504560800.0
China,CHN,2019,SP.POP.65UP.FE.IN,92487638.0
China,CHN,2019,SP.POP.65UP.MA.IN,77305638.0
China,CHN,2020,SP.POP.0014.FE.IN,117469494.0
China,CHN,2020,SP.POP.0014.MA.IN,135891217.0
China,CHN,2020,SP.POP.1564.FE.IN,475507276.0
China,CHN,2020,SP.POP.1564.MA.IN,503795065.0
China,CHN,2020,SP.POP.65UP.FE.IN,97336695.0
China,CHN,2020,SP.POP.65UP.MA.IN,81100253.0
China,CHN,2021,SP.POP.0014.FE.IN,115312089.0
China,CHN,2021,SP.POP.0014.MA.IN,133006985.0
China,CHN,2021,SP.POP.1564.FE.IN,474157496.0
China,CHN,2021,SP.POP.1564.MA.IN,503370826.0
China,CHN,2021,SP.POP.65UP.FE.IN,101883426.0
China,CHN,2021,SP.POP.65UP.MA.IN,84629178.0
China,CHN,2022,SP.POP.0014.FE.IN,112459348.0
China,CHN,2022,SP.POP.0014.MA.IN,129330427.0
China,CHN,2022,SP.POP.1564.FE.IN,472794096.0
China,CHN,2022,SP.POP.1564.MA.IN,502966153.0
China,CHN,2022,SP.POP.65UP.FE.IN,106465255.0
China,CHN,2022,SP.POP.65UP.MA.IN,88159720.0
China,CHN,2023,SP.POP.0014.FE.IN,109022006.0
China,CHN,2023,SP.POP.0014.MA.IN,125009291.0
China,CHN,2023,SP.POP.1564.FE.IN,471798189.0
China,CHN,2023,SP.POP.1564.MA.IN,502922178.0
China,CHN,2023,SP.POP.65UP.FE.IN,110720269.0
China,CHN,2023,SP.POP.65UP.MA.IN,91238067.0
India,IND,1990,SP.POP.0014.FE.IN,160198183.0
India,IND,1990,SP.POP.0014.MA.IN,173337047.0
India,IND,1990,SP.POP.1564.FE.IN,239522996.0
India,IND,1990,SP.POP.1564.MA.IN,256987537.0
India,IND,1990,SP.POP.65UP.FE.IN,18229464.0
India,IND,1990,SP.POP.65UP.MA.IN,16696994.0
India,IND,1991,SP.POP.0014.FE.IN,162767976.0
India,IND,1991,SP.POP.0014.MA.IN,176227043.0
India,IND,1991,SP.POP.1564.FE.IN,245608173.0
India,IND,1991,SP.POP.1564.MA.IN,263450966.0
India,IND,1991,SP.POP.65UP.FE.IN,18773459.0
India,IND,1991,SP.POP.65UP.MA.IN,17099983.0
India,IND,1992,SP.POP.0014.FE.IN,165241595.0
India,IND,1992,SP.POP.0014.MA.IN,179028542.0
India,IND,1992,SP.POP.1564.FE.IN,251782015.0
India,IND,1992,SP.POP.1564.MA.IN,270033512.0
India,IND,1992,SP.POP.65UP.FE.IN,19338191.0
India,IND,1992,SP.POP.65UP.MA.IN,17533214.0
India,IND,1993,SP.POP.0014.FE.IN,167629491.0
India,IND,1993,SP.POP.0014.MA.IN,181757703.0
India,IND,1993,SP.POP.1564.FE.IN,258060685.0
India,IND,1993,SP.POP.1564.MA.IN,276748547.0
India,IND,1993,SP.POP.65UP.FE.IN,19925317.0
India,IND,1993,SP.POP.65UP.MA.IN,17996644.0
India,IND,1994,SP.POP.0014.FE.IN,169861080.0
India,IND,1994,SP.POP.0014.MA.IN,184350516.0
India,IND,1994,SP.POP.1564.FE.IN,264381336.0
India,IND,1994,SP.POP.1564.MA.IN,283548404.0
India,IND,1994,SP.POP.65UP.FE.IN,20537189.0
India,IND,1994,SP.POP.65UP.MA.IN,18485241.0
India,IND,1995,SP.POP.0014.FE.IN,171897527.0
India,IND,1995,SP.POP.0014.MA.IN,186758604.0
India,IND,1995,SP.POP.1564.FE.IN,270882805.0
India,IND,1995,SP.POP.1564.MA.IN,290587345.0
India,IND,1995,SP.POP.65UP.FE.IN,21176012.0
India,IND,1995,SP.POP.65UP.MA.IN,18998751.0
India,IND,1996,SP.POP.0014.FE.IN,173751464.0
India,IND,1996,SP.POP.0014.MA.IN,188973319.0
India,IND,1996,SP.POP.1564.FE.IN,277639883.0
India,IND,1996,SP.POP.1564.MA.IN,297934332.0
India,IND,1996,SP.POP.65UP.FE.IN,21841764.0
India,IND,1996,SP.POP.65UP.MA.IN,19537697.0
India,IND,1997,SP.POP.0014.FE.IN,175459052.0
India,IND,1997,SP.POP.0014.MA.IN,191036879.0
India,IND,1997,SP.POP.1564.FE.IN,284547205.0
India,IND,1997,SP.POP.1564.MA.IN,305457748.0
India,IND,1997,SP.POP.65UP.FE.IN,22534048.0
India,IND,1997,SP.POP.65UP.MA.IN,20098831.0
India,IND,1998,SP.POP.0014.FE.IN,177018108.0
India,IND,1998,SP.POP.0014.MA.IN,192957115.0
India,IND,1998,SP.POP.1564.FE.IN,291608868.0
India,IND,1998,SP.POP.1564.MA.IN,313147229.0
India,IND,1998,SP.POP.65UP.FE.IN,23252912.0
India,IND,1998,SP.POP.65UP.MA.IN,20680847.0
India,IND,1999,SP.POP.0014.FE.IN,178415478.0
India,IND,1999,SP.POP.0014.MA.IN,194704669.0
India,IND,1999,SP.POP.1564.FE.IN,298826025.0
India,IND,1999,SP.POP.1564.MA.IN,321000227.0
India,IND,1999,SP.POP.65UP.FE.IN,23996149.0
India,IND,1999,SP.POP.65UP.MA.IN,21283275.0
India,IND,2000,SP.POP.0014.FE.IN,179742660.0
India,IND,2000,SP.POP.0014.MA.IN,196381490.0
India,IND,2000,SP.POP.1564.FE.IN,306168114.0
India,IND,2000,SP.POP.1564.MA.IN,328969862.0
India,IND,2000,SP.POP.65UP.FE.IN,24758525.0
India,IND,2000,SP.POP.65UP.MA.IN,21902083.0
India,IND,2001,SP.POP.0014.FE.IN,181039306.0
India,IND,2001,SP.POP.0014.MA.IN,198020889.0
India,IND,2001,SP.POP.1564.FE.IN,313666863.0
India,IND,2001,SP.POP.1564.MA.IN,337083397.0
India,IND,2001,SP.POP.65UP.FE.IN,25547324.0
India,IND,2001,SP.POP.65UP.MA.IN,22540796.0
India,IND,2002,SP.POP.0014.FE.IN,182230376.0
India,IND,2002,SP.POP.0014.MA.IN,199517793.0
India,IND,2002,SP.POP.1564.FE.IN,321128980.0
India,IND,2002,SP.POP.1564.MA.IN,345152566.0
India,IND,2002,SP.POP.65UP.FE.IN,26367963.0
India,IND,2002,SP.POP.65UP.MA.IN,23202702.0
India,IND,2003,SP.POP.0014.FE.IN,183245891.0
India,IND,2003,SP.POP.0014.MA.IN,200822739.0
India,IND,2003,SP.POP.1564.FE.IN,328525527.0
India,IND,2003,SP.POP.1564.MA.IN,353133351.0
India,IND,2003,SP.POP.65UP.FE.IN,27201620.0
India,IND,2003,SP.POP.65UP.MA.IN,23873877.0
India,IND,2004,SP.POP.0014.FE.IN,184065853.0
India,IND,2004,SP.POP.0014.MA.IN,201945252.0
India,IND,2004,SP.POP.1564.FE.IN,336144349.0
India,IND,2004,SP.POP.1564.MA.IN,361284834.0
India,IND,2004,SP.POP.65UP.FE.IN,28015845.0
India,IND,2004,SP.POP.65UP.MA.IN,24535380.0
India,IND,2005,SP.POP.0014.FE.IN,184681984.0
India,IND,2005,SP.POP.0014.MA.IN,202849555.0
India,IND,2005,SP.POP.1564.FE.IN,343770236.0
India,IND,2005,SP.POP.1564.MA.IN,369397181.0
India,IND,2005,SP.POP.65UP.FE.IN,28797908.0
India,IND,2005,SP.POP.65UP.MA.IN,25179459.0
India,IND,2006,SP.POP.0014.FE.IN,185083059.0
India,IND,2006,SP.POP.0014.MA.IN,203475908.0
India,IND,2006,SP.POP.1564.FE.IN,351415759.0
India,IND,2006,SP.POP.1564.MA.IN,377522006.0
India,IND,2006,SP.POP.65UP.FE.IN,29564084.0
India,IND,2006,SP.POP.65UP.MA.IN,25818074.0
India,IND,2007,SP.POP.0014.FE.IN,185292481.0
India,IND,2007,SP.POP.0014.MA.IN,203848176.0
India,IND,2007,SP.POP.1564.FE.IN,359075982.0
India,IND,2007,SP.POP.1564.MA.IN,385664095.0
India,IND,2007,SP.POP.65UP.FE.IN,30329988.0
India,IND,2007,SP.POP.65UP.MA.IN,26465299.0
India,IND,2008,SP.POP.0014.FE.IN,185383966.0
India,IND,2008,SP.POP.0014.MA.IN,204058267.0
India,IND,2008,SP.POP.1564.FE.IN,366582809.0
India,IND,2008,SP.POP.1564.MA.IN,393658536.0
India,IND,2008,SP.POP.65UP.FE.IN,31112422.0
India,IND,2008,SP.POP.65UP.MA.IN,27134963.0
India,IND,2009,SP.POP.0014.FE.IN,185468272.0
India,IND,2009,SP.POP.0014.MA.IN,204215370.0
India,IND,2009,SP.POP.1564.FE.IN,374234147.0
India,IND,2009,SP.POP.1564.MA.IN,401824712.0
India,IND,2009,SP.POP.65UP.FE.IN,31935130.0
India,IND,2009,SP.POP.65UP.MA.IN,27847122.0
India,IND,2010,SP.POP.0014.FE.IN,185486061.0
India,IND,2010,SP.POP.0014.MA.IN,204250499.0
India,IND,2010,SP.POP.1564.FE.IN,382079870.0
India,IND,2010,SP.POP.1564.MA.IN,410231584.0
India,IND,2010,SP.POP.65UP.FE.IN,32817547.0
India,IND,2010,SP.POP.65UP.MA.IN,28616003.0
India,IND,2011,SP.POP.0014.FE.IN,185368138.0
India,IND,2011,SP.POP.0014.MA.IN,204097696.0
India,IND,2011,SP.POP.1564.FE.IN,389896933.0
India,IND,2011,SP.POP.1564.MA.IN,418644475.0
India,IND,2011,SP.POP.65UP.FE.IN,33769698.0
India,IND,2011,SP.POP.65UP.MA.IN,29448014.0
India,IND,2012,SP.POP.0014.FE.IN,185136050.0
India,IND,2012,SP.POP.0014.MA.IN,203778931.0
India,IND,2012,SP.POP.1564.FE.IN,397634456.0
India,IND,2012,SP.POP.1564.MA.IN,426997208.0
India,IND,2012,SP.POP.65UP.FE.IN,34787328.0
India,IND,2012,SP.POP.65UP.MA.IN,30340529.0
India,IND,2013,SP.POP.0014.FE.IN,184739320.0
India,IND,2013,SP.POP.0014.MA.IN,203236901.0
India,IND,2013,SP.POP.1564.FE.IN,405365662.0
India,IND,2013,SP.POP.1564.MA.IN,435329609.0
India,IND,2013,SP.POP.65UP.FE.IN,35847852.0
India,IND,2013,SP.POP.65UP.MA.IN,31310167.0
India,IND,2014,SP.POP.0014.FE.IN,183993964.0
India,IND,2014,SP.POP.0014.MA.IN,202296224.0
India,IND,2014,SP.POP.1564.FE.IN,412907483.0
India,IND,2014,SP.POP.1564.MA.IN,443434941.0
India,IND,2014,SP.POP.65UP.FE.IN,37109634.0
India,IND,2014,SP.POP.65UP.MA.IN,32534945.0
India,IND,2015,SP.POP.0014.FE.IN,182951247.0
India,IND,2015,SP.POP.0014.MA.IN,201020492.0
India,IND,2015,SP.POP.1564.FE.IN,420161099.0
India,IND,2015,SP.POP.1564.MA.IN,451259170.0
India,IND,2015,SP.POP.65UP.FE.IN,38613415.0
India,IND,2015,SP.POP.65UP.MA.IN,34019075.0
India,IND,2016,SP.POP.0014.FE.IN,181831596.0
India,IND,2016,SP.POP.0014.MA.IN,199649050.0
India,IND,2016,SP.POP.1564.FE.IN,427477653.0
India,IND,2016,SP.POP.1564.MA.IN,459164278.0
India,IND,2016,SP.POP.65UP.FE.IN,40217956.0
India,IND,2016,SP.POP.65UP.MA.IN,35603764.0
India,IND,2017,SP.POP.0014.FE.IN,180541801.0
India,IND,2017,SP.POP.0014.MA.IN,198093854.0
India,IND,2017,SP.POP.1564.FE.IN,434781814.0
India,IND,2017,SP.POP.1564.MA.IN,467043895.0
India,IND,2017,SP.POP.65UP.FE.IN,41914690.0
India,IND,2017,SP.POP.65UP.MA.IN,37281347.0
India,IND,2018,SP.POP.0014.FE.IN,179200843.0
India,IND,2018,SP.POP.0014.MA.IN,196462625.0
India,IND,2018,SP.POP.1564.FE.IN,441709500.0
India,IND,2018,SP.POP.1564.MA.IN,474541800.0
India,IND,2018,SP.POP.65UP.FE.IN,43698562.0
India,IND,2018,SP.POP.65UP.MA.IN,39045735.0
India,IND,2019,SP.POP.0014.FE.IN,177886985.0
India,IND,2019,SP.POP.0014.MA.IN,194822123.0
India,IND,2019,SP.POP.1564.FE.IN,448232319.0
India,IND,2019,SP.POP.1564.MA.IN,481642958.0
India,IND,2019,SP.POP.65UP.FE.IN,45559944.0
India,IND,2019,SP.POP.65UP.MA.IN,40885983.0
India,IND,2020,SP.POP.0014.FE.IN,176475236.0
India,IND,2020,SP.POP.0014.MA.IN,193049643.0
India,IND,2020,SP.POP.1564.FE.IN,454575427.0
India,IND,2020,SP.POP.1564.MA.IN,488513474.0
India,IND,2020,SP.POP.65UP.FE.IN,47391566.0
India,IND,2020,SP.POP.65UP.MA.IN,42612350.0
India,IND,2021,SP.POP.0014.FE.IN,175075695.0
India,IND,2021,SP.POP.0014.MA.IN,191276108.0
India,IND,2021,SP.POP.1564.FE.IN,460474670.0
India,IND,2021,SP.POP.1564.MA.IN,494806597.0
India,IND,2021,SP.POP.65UP.FE.IN,48729429.0
India,IND,2021,SP.POP.65UP.MA.IN,43841398.0
India,IND,2022,SP.POP.0014.FE.IN,173742919.0
India,IND,2022,SP.POP.0014.MA.IN,189564729.0
India,IND,2022,SP.POP.1564.FE.IN,465941614.0
India,IND,2022,SP.POP.1564.MA.IN,500684854.0
India,IND,2022,SP.POP.65UP.FE.IN,50207224.0
India,IND,2022,SP.POP.65UP.MA.IN,45281873.0
India,IND,2023,SP.POP.0014.FE.IN,172455965.0
India,IND,2023,SP.POP.0014.MA.IN,187882029.0
India,IND,2023,SP.POP.1564.FE.IN,471471101.0
India,IND,2023,SP.POP.1564.MA.IN,506719577.0
India,IND,2023,SP.POP.65UP.FE.IN,52259267.0
India,IND,2023,SP.POP.65UP.MA.IN,47281658.0
Japan,JPN,1990,SP.POP.0014.FE.IN,10837721.0
Japan,JPN,1990,SP.POP.0014.MA.IN,11414241.0
Japan,JPN,1990,SP.POP.1564.FE.IN,42731986.0
Japan,JPN,1990,SP.POP.1564.MA.IN,43480069.0
Japan,JPN,1990,SP.POP.65UP.FE.IN,8970545.0
Japan,JPN,1990,SP.POP.65UP.MA.IN,6043438.0
Japan,JPN,1991,SP.POP.0014.FE.IN,10507915.0
Japan,JPN,1991,SP.POP.0014.MA.IN,11056881.0
Japan,JPN,1991,SP.POP.1564.FE.IN,42954381.0
Japan,JPN,1991,SP.POP.1564.MA.IN,43772472.0
Japan,JPN,1991,SP.POP.65UP.FE.IN,9337085.0
Japan,JPN,1991,SP.POP.65UP.MA.IN,6335265.0
Japan,JPN,1992,SP.POP.0014.FE.IN,10229210.0
Japan,JPN,1992,SP.POP.0014.MA.IN,10760250.0
Japan,JPN,1992,SP.POP.1564.FE.IN,43103931.0
Japan,JPN,1992,SP.POP.1564.MA.IN,43974574.0
Japan,JPN,1992,SP.POP.65UP.FE.IN,9720634.0
Japan,JPN,1992,SP.POP.65UP.MA.IN,6636400.0
Japan,JPN,1993,SP.POP.0014.FE.IN,9977278.0
Japan,JPN,1993,SP.POP.0014.MA.IN,10492830.0
Japan,JPN,1993,SP.POP.1564.FE.IN,43204873.0
Japan,JPN,1993,SP.POP.1564.MA.IN,44120917.0
Japan,JPN,1993,SP.POP.65UP.FE.IN,10097058.0
Japan,JPN,1993,SP.POP.65UP.MA.IN,6936043.0
Japan,JPN,1994,SP.POP.0014.FE.IN,9756868.0
Japan,JPN,1994,SP.POP.0014.MA.IN,10257501.0
Japan,JPN,1994,SP.POP.1564.FE.IN,43249197.0
Japan,JPN,1994,SP.POP.1564.MA.IN,44205289.0
Japan,JPN,1994,SP.POP.65UP.FE.IN,10469873.0
Japan,JPN,1994,SP.POP.65UP.MA.IN,7239272.0
Japan,JPN,1995,SP.POP.0014.FE.IN,9567528.0
Japan,JPN,1995,SP.POP.0014.MA.IN,10052888.0
Japan,JPN,1995,SP.POP.1564.FE.IN,43232172.0
Japan,JPN,1995,SP.POP.1564.MA.IN,44225102.0
Japan,JPN,1995,SP.POP.65UP.FE.IN,10844910.0
Japan,JPN,1995,SP.POP.65UP.MA.IN,7549400.0
Japan,JPN,1996,SP.POP.0014.FE.IN,9402884.0
Japan,JPN,1996,SP.POP.0014.MA.IN,9876872.0
Japan,JPN,1996,SP.POP.1564.FE.IN,43170424.0
Japan,JPN,1996,SP.POP.1564.MA.IN,44189915.0
Japan,JPN,1996,SP.POP.65UP.FE.IN,11235509.0
Japan,JPN,1996,SP.POP.65UP.MA.IN,7881396.0
Japan,JPN,1997,SP.POP.0014.FE.IN,9260008.0
Japan,JPN,1997,SP.POP.0014.MA.IN,9728505.0
Japan,JPN,1997,SP.POP.1564.FE.IN,43081763.0
Japan,JPN,1997,SP.POP.1564.MA.IN,44114091.0
Japan,JPN,1997,SP.POP.65UP.FE.IN,11640081.0
Japan,JPN,1997,SP.POP.65UP.MA.IN,8232552.0
Japan,JPN,1998,SP.POP.0014.FE.IN,9130467.0
Japan,JPN,1998,SP.POP.0014.MA.IN,9595206.0
Japan,JPN,1998,SP.POP.1564.FE.IN,43004309.0
Japan,JPN,1998,SP.POP.1564.MA.IN,44041890.0
Japan,JPN,1998,SP.POP.65UP.FE.IN,12045202.0
Japan,JPN,1998,SP.POP.65UP.MA.IN,8582925.0
Japan,JPN,1999,SP.POP.0014.FE.IN,9001510.0
Japan,JPN,1999,SP.POP.0014.MA.IN,9463265.0
Japan,JPN,1999,SP.POP.1564.FE.IN,42884610.0
Japan,JPN,1999,SP.POP.1564.MA.IN,43920789.0
Japan,JPN,1999,SP.POP.65UP.FE.IN,12437176.0
Japan,JPN,1999,SP.POP.65UP.MA.IN,8923649.0
Japan,JPN,2000,SP.POP.0014.FE.IN,8890572.0
Japan,JPN,2000,SP.POP.0014.MA.IN,9350079.0
Japan,JPN,2000,SP.POP.1564.FE.IN,42720289.0
Japan,JPN,2000,SP.POP.1564.MA.IN,43758317.0
Japan,JPN,2000,SP.POP.65UP.FE.IN,12845954.0
Japan,JPN,2000,SP.POP.65UP.MA.IN,9277788.0
Japan,JPN,2001,SP.POP.0014.FE.IN,8810141.0
Japan,JPN,2001,SP.POP.0014.MA.IN,9267523.0
Japan,JPN,2001,SP.POP.1564.FE.IN,42549925.0
Japan,JPN,2001,SP.POP.1564.MA.IN,43590968.0
Japan,JPN,2001,SP.POP.65UP.FE.IN,13280467.0
Japan,JPN,2001,SP.POP.65UP.MA.IN,9649975.0
Japan,JPN,2002,SP.POP.0014.FE.IN,8741687.0
Japan,JPN,2002,SP.POP.0014.MA.IN,9197289.0
Japan,JPN,2002,SP.POP.1564.FE.IN,42381442.0
Japan,JPN,2002,SP.POP.1564.MA.IN,43420204.0
Japan,JPN,2002,SP.POP.65UP.FE.IN,13699695.0
Japan,JPN,2002,SP.POP.65UP.MA.IN,10004683.0
Japan,JPN,2003,SP.POP.0014.FE.IN,8679567.0
Japan,JPN,2003,SP.POP.0014.MA.IN,9134319.0
Japan,JPN,2003,SP.POP.1564.FE.IN,42246220.0
Japan,JPN,2003,SP.POP.1564.MA.IN,43270667.0
Japan,JPN,2003,SP.POP.65UP.FE.IN,14070066.0
Japan,JPN,2003,SP.POP.65UP.MA.IN,10317162.0
Japan,JPN,2004,SP.POP.0014.FE.IN,8615511.0
Japan,JPN,2004,SP.POP.0014.MA.IN,9068954.0
Japan,JPN,2004,SP.POP.1564.FE.IN,42002984.0
Japan,JPN,2004,SP.POP.1564.MA.IN,43004827.0
Japan,JPN,2004,SP.POP.65UP.FE.IN,14434707.0
Japan,JPN,2004,SP.POP.65UP.MA.IN,10634017.0
Japan,JPN,2005,SP.POP.0014.FE.IN,8558654.0
Japan,JPN,2005,SP.POP.0014.MA.IN,9013156.0
Japan,JPN,2005,SP.POP.1564.FE.IN,41654967.0
Japan,JPN,2005,SP.POP.1564.MA.IN,42631432.0
Japan,JPN,2005,SP.POP.65UP.FE.IN,14884215.0
Japan,JPN,2005,SP.POP.65UP.MA.IN,11030576.0
Japan,JPN,2006,SP.POP.0014.FE.IN,8509385.0
Japan,JPN,2006,SP.POP.0014.MA.IN,8966112.0
Japan,JPN,2006,SP.POP.1564.FE.IN,41300725.0
Japan,JPN,2006,SP.POP.1564.MA.IN,42255979.0
Japan,JPN,2006,SP.POP.65UP.FE.IN,15366291.0
Japan,JPN,2006,SP.POP.65UP.MA.IN,11455508.0
Japan,JPN,2007,SP.POP.0014.FE.IN,8471470.0
Japan,JPN,2007,SP.POP.0014.MA.IN,8928943.0
Japan,JPN,2007,SP.POP.1564.FE.IN,40985707.0
Japan,JPN,2007,SP.POP.1564.MA.IN,41932488.0
Japan,JPN,2007,SP.POP.65UP.FE.IN,15827051.0
Japan,JPN,2007,SP.POP.65UP.MA.IN,11855342.0
Japan,JPN,2008,SP.POP.0014.FE.IN,8436163.0
Japan,JPN,2008,SP.POP.0014.MA.IN,8893974.0
Japan,JPN,2008,SP.POP.1564.FE.IN,40647149.0
Japan,JPN,2008,SP.POP.1564.MA.IN,41587368.0
Japan,JPN,2008,SP.POP.65UP.FE.IN,16266221.0
Japan,JPN,2008,SP.POP.65UP.MA.IN,12232125.0
Japan,JPN,2009,SP.POP.0014.FE.IN,8387065.0
Japan,JPN,2009,SP.POP.0014.MA.IN,8843716.0
Japan,JPN,2009,SP.POP.1564.FE.IN,40370687.0
Japan,JPN,2009,SP.POP.1564.MA.IN,41298874.0
Japan,JPN,2009,SP.POP.65UP.FE.IN,16617694.0
Japan,JPN,2009,SP.POP.65UP.MA.IN,12528964.0
Japan,JPN,2010,SP.POP.0014.FE.IN,8334035.0
Japan,JPN,2010,SP.POP.0014.MA.IN,8790114.0
Japan,JPN,2010,SP.POP.1564.FE.IN,40231266.0
Japan,JPN,2010,SP.POP.1564.MA.IN,41132945.0
Japan,JPN,2010,SP.POP.65UP.FE.IN,16854992.0
Japan,JPN,2010,SP.POP.65UP.MA.IN,12726650.0
Japan,JPN,2011,SP.POP.0014.FE.IN,8266346.0
Japan,JPN,2011,SP.POP.0014.MA.IN,8722017.0
Japan,JPN,2011,SP.POP.1564.FE.IN,39857725.0
Japan,JPN,2011,SP.POP.1564.MA.IN,40750906.0
Japan,JPN,2011,SP.POP.65UP.FE.IN,17196136.0
Japan,JPN,2011,SP.POP.65UP.MA.IN,13039871.0
Japan,JPN,2012,SP.POP.0014.FE.IN,8193935.0
Japan,JPN,2012,SP.POP.0014.MA.IN,8648107.0
Japan,JPN,2012,SP.POP.1564.FE.IN,39291581.0
Japan,JPN,2012,SP.POP.1564.MA.IN,40210091.0
Japan,JPN,2012,SP.POP.65UP.FE.IN,17741033.0
Japan,JPN,2012,SP.POP.65UP.MA.IN,13544253.0
Japan,JPN,2013,SP.POP.0014.FE.IN,8115972.0
Japan,JPN,2013,SP.POP.0014.MA.IN,8566685.0
Japan,JPN,2013,SP.POP.1564.FE.IN,38710600.0
Japan,JPN,2013,SP.POP.1564.MA.IN,39665338.0
Japan,JPN,2013,SP.POP.65UP.FE.IN,18316758.0
Japan,JPN,2013,SP.POP.65UP.MA.IN,14069647.0
Japan,JPN,2014,SP.POP.0014.FE.IN,8031318.0
Japan,JPN,2014,SP.POP.0014.MA.IN,8477304.0
Japan,JPN,2014,SP.POP.1564.FE.IN,38195235.0
Japan,JPN,2014,SP.POP.1564.MA.IN,39192500.0
Japan,JPN,2014,SP.POP.65UP.FE.IN,18840874.0
Japan,JPN,2014,SP.POP.65UP.MA.IN,14538769.0
Japan,JPN,2015,SP.POP.0014.FE.IN,7943678.0
Japan,JPN,2015,SP.POP.0014.MA.IN,8386791.0
Japan,JPN,2015,SP.POP.1564.FE.IN,37776215.0
Japan,JPN,2015,SP.POP.1564.MA.IN,38804141.0
Japan,JPN,2015,SP.POP.65UP.FE.IN,19282585.0
Japan,JPN,2015,SP.POP.65UP.MA.IN,14947590.0
Japan,JPN,2016,SP.POP.0014.FE.IN,7862973.0
Japan,JPN,2016,SP.POP.0014.MA.IN,8305223.0
Japan,JPN,2016,SP.POP.1564.FE.IN,37451598.0
Japan,JPN,2016,SP.POP.1564.MA.IN,38495020.0
Japan,JPN,2016,SP.POP.65UP.FE.IN,19655730.0
Japan,JPN,2016,SP.POP.65UP.MA.IN,15305455.0
Japan,JPN,2017,SP.POP.0014.FE.IN,7783877.0
Japan,JPN,2017,SP.POP.0014.MA.IN,8224540.0
Japan,JPN,2017,SP.POP.1564.FE.IN,37191808.0
Japan,JPN,2017,SP.POP.1564.MA.IN,38247776.0
Japan,JPN,2017,SP.POP.65UP.FE.IN,19946628.0
Japan,JPN,2017,SP.POP.65UP.MA.IN,15577371.0
Japan,JPN,2018,SP.POP.0014.FE.IN,7700798.0
Japan,JPN,2018,SP.POP.0014.MA.IN,8139446.0
Japan,JPN,2018,SP.POP.1564.FE.IN,36977374.0
Japan,JPN,2018,SP.POP.1564.MA.IN,38048531.0
Japan,JPN,2018,SP.POP.65UP.FE.IN,20166467.0
Japan,JPN,2018,SP.POP.65UP.MA.IN,15778385.0
Japan,JPN,2019,SP.POP.0014.FE.IN,7611538.0
Japan,JPN,2019,SP.POP.0014.MA.IN,8048606.0
Japan,JPN,2019,SP.POP.1564.FE.IN,36817424.0
Japan,JPN,2019,SP.POP.1564.MA.IN,37901960.0
Japan,JPN,2019,SP.POP.65UP.FE.IN,20328138.0
Japan,JPN,2019,SP.POP.65UP.MA.IN,15925334.0
Japan,JPN,2020,SP.POP.0014.FE.IN,7499910.0
Japan,JPN,2020,SP.POP.0014.MA.IN,7930135.0
Japan,JPN,2020,SP.POP.1564.FE.IN,36616170.0
Japan,JPN,2020,SP.POP.1564.MA.IN,37702409.0
Japan,JPN,2020,SP.POP.65UP.FE.IN,20461982.0
Japan,JPN,2020,SP.POP.65UP.MA.IN,16050394.0
Japan,JPN,2021,SP.POP.0014.FE.IN,7362255.0
Japan,JPN,2021,SP.POP.0014.MA.IN,7780196.0
Japan,JPN,2021,SP.POP.1564.FE.IN,36368167.0
Japan,JPN,2021,SP.POP.1564.MA.IN,37450588.0
Japan,JPN,2021,SP.POP.65UP.FE.IN,20570957.0
Japan,JPN,2021,SP.POP.65UP.MA.IN,16149430.0
Japan,JPN,2022,SP.POP.0014.FE.IN,7216688.0
Japan,JPN,2022,SP.POP.0014.MA.IN,7621805.0
Japan,JPN,2022,SP.POP.1564.FE.IN,36207963.0
Japan,JPN,2022,SP.POP.1564.MA.IN,37288474.0
Japan,JPN,2022,SP.POP.65UP.FE.IN,20611664.0
Japan,JPN,2022,SP.POP.65UP.MA.IN,16178396.0
Japan,JPN,2023,SP.POP.0014.FE.IN,7056747.0
Japan,JPN,2023,SP.POP.0014.MA.IN,7448559.0
Japan,JPN,2023,SP.POP.1564.FE.IN,36062674.0
Japan,JPN,2023,SP.POP.1564.MA.IN,37139294.0
Japan,JPN,2023,SP.POP.65UP.FE.IN,20626142.0
Japan,JPN,2023,SP.POP.65UP.MA.IN,16183234.0
United States,USA,1990,SP.POP.0014.FE.IN,26272758.0
United States,USA,1990,SP.POP.0014.MA.IN,27581364.0
United States,USA,1990,SP.POP.1564.FE.IN,82397267.0
United States,USA,1990,SP.POP.1564.MA.IN,82655302.0
United States,USA,1990,SP.POP.65UP.FE.IN,18340538.0
United States,USA,1990,SP.POP.65UP.MA.IN,12375771.0
United States,USA,1991,SP.POP.0014.FE.IN,26783721.0
United States,USA,1991,SP.POP.0014.MA.IN,28134794.0
United States,USA,1991,SP.POP.1564.FE.IN,83125133.0
United States,USA,1991,SP.POP.1564.MA.IN,83689306.0
United States,USA,1991,SP.POP.65UP.FE.IN,18640406.0
United States,USA,1991,SP.POP.65UP.MA.IN,12607638.0
United States,USA,1992,SP.POP.0014.FE.IN,27289313.0
United States,USA,1992,SP.POP.0014.MA.IN,28689231.0
United States,USA,1992,SP.POP.1564.FE.IN,83997214.0
United States,USA,1992,SP.POP.1564.MA.IN,84764520.0
United States,USA,1992,SP.POP.65UP.FE.IN,18926303.0
United States,USA,1992,SP.POP.65UP.MA.IN,12847420.0
United States,USA,1993,SP.POP.0014.FE.IN,27703189.0
United States,USA,1993,SP.POP.0014.MA.IN,29149877.0
United States,USA,1993,SP.POP.1564.FE.IN,84928790.0
United States,USA,1993,SP.POP.1564.MA.IN,85890448.0
United States,USA,1993,SP.POP.65UP.FE.IN,19173794.0
United States,USA,1993,SP.POP.65UP.MA.IN,13072902.0
United States,USA,1994,SP.POP.0014.FE.IN,28025327.0
United States,USA,1994,SP.POP.0014.MA.IN,29508734.0
United States,USA,1994,SP.POP.1564.FE.IN,85903809.0
United States,USA,1994,SP.POP.1564.MA.IN,87040927.0
United States,USA,1994,SP.POP.65UP.FE.IN,19371536.0
United States,USA,1994,SP.POP.65UP.MA.IN,13275666.0
United States,USA,1995,SP.POP.0014.FE.IN,28257576.0
United States,USA,1995,SP.POP.0014.MA.IN,29769177.0
United States,USA,1995,SP.POP.1564.FE.IN,86957977.0
United States,USA,1995,SP.POP.1564.MA.IN,88260526.0
United States,USA,1995,SP.POP.65UP.FE.IN,19551145.0
United States,USA,1995,SP.POP.65UP.MA.IN,13481598.0
United States,USA,1996,SP.POP.0014.FE.IN,28437527.0
United States,USA,1996,SP.POP.0014.MA.IN,29971040.0
United States,USA,1996,SP.POP.1564.FE.IN,88065110.0
United States,USA,1996,SP.POP.1564.MA.IN,89547078.0
United States,USA,1996,SP.POP.65UP.FE.IN,19706275.0
United States,USA,1996,SP.POP.65UP.MA.IN,13666970.0
United States,USA,1997,SP.POP.0014.FE.IN,28601122.0
United States,USA,1997,SP.POP.0014.MA.IN,30153581.0
United States,USA,1997,SP.POP.1564.FE.IN,89269235.0
United States,USA,1997,SP.POP.1564.MA.IN,90948336.0
United States,USA,1997,SP.POP.65UP.FE.IN,19847697.0
United States,USA,1997,SP.POP.65UP.MA.IN,13837030.0
United States,USA,1998,SP.POP.0014.FE.IN,28750662.0
United States,USA,1998,SP.POP.0014.MA.IN,30321365.0
United States,USA,1998,SP.POP.1564.FE.IN,90483585.0
United States,USA,1998,SP.POP.1564.MA.IN,92364242.0
United States,USA,1998,SP.POP.65UP.FE.IN,19946522.0
United States,USA,1998,SP.POP.65UP.MA.IN,13987625.0
United States,USA,1999,SP.POP.0014.FE.IN,28908648.0
United States,USA,1999,SP.POP.0014.MA.IN,30498181.0
United States,USA,1999,SP.POP.1564.FE.IN,91695692.0
United States,USA,1999,SP.POP.1564.MA.IN,93780559.0
United States,USA,1999,SP.POP.65UP.FE.IN,20022355.0
United States,USA,1999,SP.POP.65UP.MA.IN,14134565.0
United States,USA,2000,SP.POP.0014.FE.IN,29054199.0
United States,USA,2000,SP.POP.0014.MA.IN,30661069.0
United States,USA,2000,SP.POP.1564.FE.IN,92884913.0
United States,USA,2000,SP.POP.1564.MA.IN,95178435.0
United States,USA,2000,SP.POP.65UP.FE.IN,20093100.0
United States,USA,2000,SP.POP.65UP.MA.IN,14290695.0
United States,USA,2001,SP.POP.0014.FE.IN,29161898.0
United States,USA,2001,SP.POP.0014.MA.IN,30770662.0
United States,USA,2001,SP.POP.1564.FE.IN,94010671.0
United States,USA,2001,SP.POP.1564.MA.IN,96427585.0
United States,USA,2001,SP.POP.65UP.FE.IN,20151926.0
United States,USA,2001,SP.POP.65UP.MA.IN,14446213.0
United States,USA,2002,SP.POP.0014.FE.IN,29237215.0
United States,USA,2002,SP.POP.0014.MA.IN,30836526.0
United States,USA,2002,SP.POP.1564.FE.IN,95133322.0
United States,USA,2002,SP.POP.1564.MA.IN,97577318.0
United States,USA,2002,SP.POP.65UP.FE.IN,20222532.0
United States,USA,2002,SP.POP.65UP.MA.IN,14618278.0
United States,USA,2003,SP.POP.0014.FE.IN,29269093.0
United States,USA,2003,SP.POP.0014.MA.IN,30859808.0
United States,USA,2003,SP.POP.1564.FE.IN,96198552.0
United States,USA,2003,SP.POP.1564.MA.IN,98668395.0
United States,USA,2003,SP.POP.65UP.FE.IN,20306754.0
United States,USA,2003,SP.POP.65UP.MA.IN,14805331.0
United States,USA,2004,SP.POP.0014.FE.IN,29291017.0
United States,USA,2004,SP.POP.0014.MA.IN,30874588.0
United States,USA,2004,SP.POP.1564.FE.IN,97324049.0
United States,USA,2004,SP.POP.1564.MA.IN,99853997.0
United States,USA,2004,SP.POP.65UP.FE.IN,20450089.0
United States,USA,2004,SP.POP.65UP.MA.IN,15011558.0
United States,USA,2005,SP.POP.0014.FE.IN,29274090.0
United States,USA,2005,SP.POP.0014.MA.IN,30849823.0
United States,USA,2005,SP.POP.1564.FE.IN,98464426.0
United States,USA,2005,SP.POP.1564.MA.IN,101079944.0
United States,USA,2005,SP.POP.65UP.FE.IN,20626487.0
United States,USA,2005,SP.POP.65UP.MA.IN,15221828.0
United States,USA,2006,SP.POP.0014.FE.IN,29287844.0
United States,USA,2006,SP.POP.0014.MA.IN,30861080.0
United States,USA,2006,SP.POP.1564.FE.IN,99597845.0
United States,USA,2006,SP.POP.1564.MA.IN,102278535.0
United States,USA,2006,SP.POP.65UP.FE.IN,20857238.0
United States,USA,2006,SP.POP.65UP.MA.IN,15497371.0
United States,USA,2007,SP.POP.0014.FE.IN,29364896.0
United States,USA,2007,SP.POP.0014.MA.IN,30937970.0
United States,USA,2007,SP.POP.1564.FE.IN,100563181.0
United States,USA,2007,SP.POP.1564.MA.IN,103283274.0
United States,USA,2007,SP.POP.65UP.FE.IN,21190680.0
United States,USA,2007,SP.POP.65UP.MA.IN,15891207.0
United States,USA,2008,SP.POP.0014.FE.IN,29484568.0
United States,USA,2008,SP.POP.0014.MA.IN,31056448.0
United States,USA,2008,SP.POP.1564.FE.IN,101415453.0
United States,USA,2008,SP.POP.1564.MA.IN,104166314.0
United States,USA,2008,SP.POP.65UP.FE.IN,21602184.0
United States,USA,2008,SP.POP.65UP.MA.IN,16368998.0
United States,USA,2009,SP.POP.0014.FE.IN,29592759.0
United States,USA,2009,SP.POP.0014.MA.IN,31166524.0
United States,USA,2009,SP.POP.1564.FE.IN,102188850.0
United States,USA,2009,SP.POP.1564.MA.IN,104952090.0
United States,USA,2009,SP.POP.65UP.FE.IN,22015321.0
United States,USA,2009,SP.POP.65UP.MA.IN,16855985.0
United States,USA,2010,SP.POP.0014.FE.IN,29683793.0
United States,USA,2010,SP.POP.0014.MA.IN,31263241.0
United States,USA,2010,SP.POP.1564.FE.IN,102962968.0
United States,USA,2010,SP.POP.1564.MA.IN,105729329.0
United States,USA,2010,SP.POP.65UP.FE.IN,22414574.0
United States,USA,2010,SP.POP.65UP.MA.IN,17324322.0
United States,USA,2011,SP.POP.0014.FE.IN,29763351.0
United States,USA,2011,SP.POP.0014.MA.IN,31353138.0
United States,USA,2011,SP.POP.1564.FE.IN,103542555.0
United States,USA,2011,SP.POP.1564.MA.IN,106434443.0
United States,USA,2011,SP.POP.65UP.FE.IN,22877831.0
United States,USA,2011,SP.POP.65UP.MA.IN,17868144.0
United States,USA,2012,SP.POP.0014.FE.IN,29857095.0
United States,USA,2012,SP.POP.0014.MA.IN,31459102.0
United States,USA,2012,SP.POP.1564.FE.IN,103917869.0
United States,USA,2012,SP.POP.1564.MA.IN,107057123.0
United States,USA,2012,SP.POP.65UP.FE.IN,23485580.0
United States,USA,2012,SP.POP.65UP.MA.IN,18562329.0
United States,USA,2013,SP.POP.0014.FE.IN,29929754.0
United States,USA,2013,SP.POP.0014.MA.IN,31544334.0
United States,USA,2013,SP.POP.1564.FE.IN,104233252.0
United States,USA,2013,SP.POP.1564.MA.IN,107623664.0
United States,USA,2013,SP.POP.65UP.FE.IN,24125174.0
United States,USA,2013,SP.POP.65UP.MA.IN,19270104.0
United States,USA,2014,SP.POP.0014.FE.IN,30004127.0
United States,USA,2014,SP.POP.0014.MA.IN,31632841.0
United States,USA,2014,SP.POP.1564.FE.IN,104626789.0
United States,USA,2014,SP.POP.1564.MA.IN,108269247.0
United States,USA,2014,SP.POP.65UP.FE.IN,24764121.0
United States,USA,2014,SP.POP.65UP.MA.IN,19960437.0
United States,USA,2015,SP.POP.0014.FE.IN,30059857.0
United States,USA,2015,SP.POP.0014.MA.IN,31701918.0
United States,USA,2015,SP.POP.1564.FE.IN,105054108.0
United States,USA,2015,SP.POP.1564.MA.IN,108946772.0
United States,USA,2015,SP.POP.65UP.FE.IN,25406626.0
United States,USA,2015,SP.POP.65UP.MA.IN,20645841.0
United States,USA,2016,SP.POP.0014.FE.IN,30093187.0
United States,USA,2016,SP.POP.0014.MA.IN,31752014.0
United States,USA,2016,SP.POP.1564.FE.IN,105478913.0
United States,USA,2016,SP.POP.1564.MA.IN,109625866.0
United States,USA,2016,SP.POP.65UP.FE.IN,26066055.0
United States,USA,2016,SP.POP.65UP.MA.IN,21337306.0
United States,USA,2017,SP.POP.0014.FE.IN,30090784.0
United States,USA,2017,SP.POP.0014.MA.IN,31765449.0
United States,USA,2017,SP.POP.1564.FE.IN,105778958.0
United States,USA,2017,SP.POP.1564.MA.IN,110180955.0
United States,USA,2017,SP.POP.65UP.FE.IN,26750555.0
United States,USA,2017,SP.POP.65UP.MA.IN,22041909.0
United States,USA,2018,SP.POP.0014.FE.IN,30018982.0
United States,USA,2018,SP.POP.0014.MA.IN,31700128.0
United States,USA,2018,SP.POP.1564.FE.IN,105964329.0
United States,USA,2018,SP.POP.1564.MA.IN,110609082.0
United States,USA,2018,SP.POP.65UP.FE.IN,27467180.0
United States,USA,2018,SP.POP.65UP.MA.IN,22769876.0
United States,USA,2019,SP.POP.0014.FE.IN,29884409.0
United States,USA,2019,SP.POP.0014.MA.IN,31565541.0
United States,USA,2019,SP.POP.1564.FE.IN,106076635.0
United States,USA,2019,SP.POP.1564.MA.IN,110943663.0
United States,USA,2019,SP.POP.65UP.FE.IN,28221115.0
United States,USA,2019,SP.POP.65UP.MA.IN,23534862.0
United States,USA,2020,SP.POP.0014.FE.IN,29663807.0
United States,USA,2020,SP.POP.0014.MA.IN,31322880.0
United States,USA,2020,SP.POP.1564.FE.IN,106149642.0
United States,USA,2020,SP.POP.1564.MA.IN,111150834.0
United States,USA,2020,SP.POP.65UP.FE.IN,29006545.0
United States,USA,2020,SP.POP.65UP.MA.IN,24284396.0
United States,USA,2021,SP.POP.0014.FE.IN,29322531.0
United States,USA,2021,SP.POP.0014.MA.IN,30940754.0
United States,USA,2021,SP.POP.1564.FE.IN,106037621.0
United States,USA,2021,SP.POP.1564.MA.IN,111089842.0
United States,USA,2021,SP.POP.65UP.FE.IN,29756502.0
United States,USA,2021,SP.POP.65UP.MA.IN,24952916.0
United States,USA,2022,SP.POP.0014.FE.IN,29071216.0
United States,USA,2022,SP.POP.0014.MA.IN,30653420.0
United States,USA,2022,SP.POP.1564.FE.IN,106334835.0
United States,USA,2022,SP.POP.1564.MA.IN,111425927.0
United States,USA,2022,SP.POP.65UP.FE.IN,30706371.0
United States,USA,2022,SP.POP.65UP.MA.IN,25804535.0
United States,USA,2023,SP.POP.0014.FE.IN,28854037.0
United States,USA,2023,SP.POP.0014.MA.IN,30396794.0
United States,USA,2023,SP.POP.1564.FE.IN,106840740.0
United States,USA,2023,SP.POP.1564.MA.IN,111960948.0
United States,USA,2023,SP.POP.65UP.FE.IN,31849342.0
United States,USA,2023,SP.POP.65UP.MA.IN,26853190.0
