country,entity,state,year,marital,parity,births_15_44,female_15_44,asfr_15_44
United States,Alabama,01,2007,all,all,64804.0,949443.0,68.25475568306892
United States,Alaska,02,2007,all,all,11052.0,143502.0,77.01634820420622
United States,Arizona,04,2007,all,all,102981.0,1272915.0,80.90170985493926
United States,Arkansas,05,2007,all,all,41378.0,568678.0,72.76173862889017
United States,California,06,2007,all,all,566414.0,7671864.0,73.83003661170218
United States,Colorado,08,2007,all,all,70809.0,1008607.0,70.20474773623424
United States,Connecticut,09,2007,all,all,41660.0,695342.0,59.912963692686475
United States,Delaware,10,2007,all,all,12170.0,177317.0,68.63414111450115
United States,District of Columbia,11,2007,all,all,8864.0,145865.0,60.768518835909916
United States,Florida,12,2007,all,all,239165.0,3518042.0,67.98241749245746
United States,Georgia,13,2007,all,all,151137.0,2072331.0,72.93091692398559
United States,Hawaii,15,2007,all,all,19134.0,249589.0,76.66203238123474
United States,Idaho,16,2007,all,all,25019.0,301527.0,82.9743273405035
United States,Illinois,17,2007,all,all,180836.0,2661051.0,67.95660812212918
United States,Indiana,18,2007,all,all,89864.0,1289608.0,69.68319055092711
United States,Iowa,19,2007,all,all,40886.0,581795.0,70.2756125439373
United States,Kansas,20,2007,all,all,42004.0,555066.0,75.67388382642785
United States,Kentucky,21,2007,all,all,59368.0,869003.0,68.3173705959588
United States,Louisiana,22,2007,all,all,66301.0,918635.0,72.17338768934341
United States,Maine,23,2007,all,all,14120.0,253292.0,55.745937495064986
United States,Maryland,24,2007,all,all,78095.0,1191236.0,65.55795828870183
United States,Massachusetts,25,2007,all,all,77967.0,1362374.0,57.22877858796483
United States,Michigan,26,2007,all,all,125261.0,2028936.0,61.73728496118162
United States,Minnesota,27,2007,all,all,73735.0,1057962.0,69.69531986971177
United States,Mississippi,28,2007,all,all,46491.0,608735.0,76.37313445095157
United States,Missouri,29,2007,all,all,81930.0,1197985.0,68.3898379362012
United States,Montana,30,2007,all,all,12439.0,182317.0,68.22731835210101
United States,Nebraska,31,2007,all,all,26934.0,353174.0,76.26269204414821
United States,Nevada,32,2007,all,all,41181.0,521596.0,78.95190914040752
United States,New Hampshire,33,2007,all,all,14168.0,264493.0,53.56663503381942
United States,New Jersey,34,2007,all,all,116063.0,1736320.0,66.84424530040546
United States,New Mexico,35,2007,all,all,30616.0,395234.0,77.46297130307616
United States,New York,36,2007,all,all,253451.0,4068692.0,62.292992440813904
United States,North Carolina,37,2007,all,all,131037.0,1884561.0,69.53184322502693
United States,North Dakota,38,2007,all,all,8840.0,126944.0,69.6370052936728
United States,Ohio,39,2007,all,all,150879.0,2311157.0,65.28288645037962
United States,Oklahoma,40,2007,all,all,55065.0,724287.0,76.02649226066463
United States,Oregon,41,2007,all,all,49378.0,745016.0,66.27777121565174
United States,Pennsylvania,42,2007,all,all,150713.0,2460169.0,61.26123855718855
United States,Rhode Island,44,2007,all,all,12376.0,218790.0,56.56565656565657
United States,South Carolina,45,2007,all,all,62875.0,905744.0,69.41806956491017
United States,South Dakota,46,2007,all,all,12261.0,153879.0,79.67948842922036
United States,Tennessee,47,2007,all,all,86711.0,1269971.0,68.27793705525559
United States,Texas,48,2007,all,all,407625.0,5072933.0,80.35292403822405
United States,Utah,49,2007,all,all,55130.0,590996.0,93.2832032704113
United States,Vermont,50,2007,all,all,6513.0,123121.0,52.899180480990246
United States,Virginia,51,2007,all,all,108884.0,1630761.0,66.76882755964854
United States,Washington,53,2007,all,all,88978.0,1327500.0,67.02674199623353
United States,West Virginia,54,2007,all,all,21994.0,348378.0,63.13257438759049
United States,Wisconsin,55,2007,all,all,72784.0,1125996.0,64.63966124213586
United States,Wyoming,56,2007,all,all,7893.0,102096.0,77.3095909732017
United States,Alabama,01,2008,all,all,64546.0,951104.0,67.86429244330799
United States,Alaska,02,2008,all,all,11442.0,142587.0,80.24574470323381
United States,Arizona,04,2008,all,all,99442.0,1290026.0,77.08526804886102
United States,Arkansas,05,2008,all,all,40669.0,568945.0,71.48142614839747
United States,California,06,2008,all,all,551779.0,7680396.0,71.84251957841757
United States,Colorado,08,2008,all,all,70031.0,1017978.0,68.79421755676448
United States,Connecticut,09,2008,all,all,40399.0,692703.0,58.32080992864186
United States,Delaware,10,2008,all,all,12090.0,177190.0,68.23184152604549
United States,District of Columbia,11,2008,all,all,9130.0,147193.0,62.02740619458806
United States,Florida,12,2008,all,all,231445.0,3505482.0,66.02373083073883
United States,Georgia,13,2008,all,all,146603.0,2086290.0,70.26971322299393
United States,Hawaii,15,2008,all,all,19484.0,249426.0,78.11535285014392
United States,Idaho,16,2008,all,all,25149.0,305024.0,82.44924989509023
United States,Illinois,17,2008,all,all,176795.0,2653002.0,66.63960298559896
United States,Indiana,18,2008,all,all,88742.0,1286928.0,68.95646065669564
United States,Iowa,19,2008,all,all,40224.0,579635.0,69.3953953781259
United States,Kansas,20,2008,all,all,41833.0,553596.0,75.56593617005903
United States,Kentucky,21,2008,all,all,58375.0,868294.0,67.22953285407938
United States,Louisiana,22,2008,all,all,65268.0,928631.0,70.28410638886704
United States,Maine,23,2008,all,all,13609.0,250005.0,54.434911301773965
United States,Maryland,24,2008,all,all,77289.0,1182788.0,65.34476169863069
United States,Massachusetts,25,2008,all,all,77022.0,1359536.0,56.65315225194478
United States,Michigan,26,2008,all,all,121127.0,1994996.0,60.715409955709184
United States,Minnesota,27,2008,all,all,72421.0,1052247.0,68.82509524854906
United States,Mississippi,28,2008,all,all,44947.0,607556.0,73.98001171908433
United States,Missouri,29,2008,all,all,80963.0,1195693.0,67.71219702716333
United States,Montana,30,2008,all,all,12594.0,182782.0,68.90175181363593
United States,Nebraska,31,2008,all,all,26989.0,352206.0,76.62845039550717
United States,Nevada,32,2008,all,all,39506.0,527925.0,74.832599327556
United States,New Hampshire,33,2008,all,all,13683.0,261372.0,52.350672604563606
United States,New Jersey,34,2008,all,all,112710.0,1722494.0,65.43419019166396
United States,New Mexico,35,2008,all,all,30173.0,394512.0,76.48183071744333
United States,New York,36,2008,all,all,250383.0,4045215.0,61.896092049495515
United States,North Carolina,37,2008,all,all,130839.0,1903290.0,68.74359661428369
United States,North Dakota,38,2008,all,all,8938.0,126576.0,70.613702439641
United States,Ohio,39,2008,all,all,148821.0,2290946.0,64.96050103319764
United States,Oklahoma,40,2008,all,all,54781.0,725097.0,75.54989194549142
United States,Oregon,41,2008,all,all,49096.0,750674.0,65.40255823433341
United States,Pennsylvania,42,2008,all,all,149273.0,2450528.0,60.91462737826297
United States,Rhode Island,44,2008,all,all,12048.0,215905.0,55.802320465019335
United States,South Carolina,45,2008,all,all,63071.0,913249.0,69.06221632873401
United States,South Dakota,46,2008,all,all,12071.0,153509.0,78.63382602974418
United States,Tennessee,47,2008,all,all,85560.0,1272175.0,67.25489810757168
United States,Texas,48,2008,all,all,405554.0,5124911.0,79.13386203194553
United States,Utah,49,2008,all,all,55634.0,600579.0,92.63394157970892
United States,Vermont,50,2008,all,all,6339.0,121654.0,52.10679467999408
United States,Virginia,51,2008,all,all,106686.0,1629744.0,65.46181486172061
United States,Washington,53,2008,all,all,90321.0,1335227.0,67.64467764657245
United States,West Virginia,54,2008,all,all,21501.0,346045.0,62.13353754569492
United States,Wisconsin,55,2008,all,all,72261.0,1118511.0,64.60463956098778
United States,Wyoming,56,2008,all,all,8038.0,103257.0,77.84460133453422
United States,Alabama,01,2009,all,all,62475.0,950315.0,65.74135944397385
United States,Alaska,02,2009,all,all,11324.0,144562.0,78.33317192623235
United States,Arizona,04,2009,all,all,92798.0,1298072.0,71.48910075866362
United States,Arkansas,05,2009,all,all,39808.0,568411.0,70.03383115386578
United States,California,06,2009,all,all,527020.0,7693697.0,68.50022817378954
United States,Colorado,08,2009,all,all,68628.0,1027293.0,66.80469934088912
United States,Connecticut,09,2009,all,all,38896.0,688265.0,56.51311631421037
United States,Delaware,10,2009,all,all,11559.0,176795.0,65.38080828077717
United States,District of Columbia,11,2009,all,all,9040.0,150841.0,59.93065545839659
United States,Florida,12,2009,all,all,221394.0,3483271.0,63.559223499980334
United States,Georgia,13,2009,all,all,141377.0,2089095.0,67.67380133502785
United States,Hawaii,15,2009,all,all,18887.0,249213.0,75.78657614169406
United States,Idaho,16,2009,all,all,23737.0,306453.0,77.45722835149273
United States,Illinois,17,2009,all,all,171163.0,2646520.0,64.67474268095461
United States,Indiana,18,2009,all,all,86673.0,1281738.0,67.62146398093837
United States,Iowa,19,2009,all,all,39701.0,577743.0,68.7174054899843
United States,Kansas,20,2009,all,all,41396.0,553980.0,74.72471930394599
United States,Kentucky,21,2009,all,all,57551.0,863624.0,66.63895398923606
United States,Louisiana,22,2009,all,all,64973.0,930761.0,69.80631977489388
United States,Maine,23,2009,all,all,13470.0,245825.0,54.79507779924743
United States,Maryland,24,2009,all,all,75059.0,1175996.0,63.82589736699784
United States,Massachusetts,25,2009,all,all,75016.0,1355976.0,55.32251308282742
United States,Michigan,26,2009,all,all,117294.0,1962712.0,59.761187581265105
United States,Minnesota,27,2009,all,all,70646.0,1046457.0,67.5097017842109
United States,Mississippi,28,2009,all,all,42901.0,605338.0,70.87114967175363
United States,Missouri,29,2009,all,all,78905.0,1191447.0,66.22619386342825
United States,Montana,30,2009,all,all,12257.0,182280.0,67.24270353302612
United States,Nebraska,31,2009,all,all,26936.0,352708.0,76.36912119940574
United States,Nevada,32,2009,all,all,37612.0,528202.0,71.20760618096865
United States,New Hampshire,33,2009,all,all,13377.0,257673.0,51.91463599212956
United States,New Jersey,34,2009,all,all,110331.0,1711165.0,64.47712523339362
United States,New Mexico,35,2009,all,all,29000.0,395285.0,73.36478743185297
United States,New York,36,2009,all,all,248110.0,4022533.0,61.6800409095463
United States,North Carolina,37,2009,all,all,126845.0,1912539.0,66.32283054097198
United States,North Dakota,38,2009,all,all,9001.0,127149.0,70.7909617849924
United States,Ohio,39,2009,all,all,144841.0,2270612.0,63.78941007974942
United States,Oklahoma,40,2009,all,all,54553.0,729110.0,74.82135754550067
United States,Oregon,41,2009,all,all,47132.0,754824.0,62.44104585969709
United States,Pennsylvania,42,2009,all,all,146434.0,2437535.0,60.07462456949336
United States,Rhode Island,44,2009,all,all,11442.0,213399.0,53.617870749160026
United States,South Carolina,45,2009,all,all,60620.0,914438.0,66.29208322488786
United States,South Dakota,46,2009,all,all,11934.0,153504.0,77.7439024390244
United States,Tennessee,47,2009,all,all,82211.0,1270018.0,64.7321534025502
United States,Texas,48,2009,all,all,401977.0,5182835.0,77.55928946223447
United States,Utah,49,2009,all,all,53887.0,609295.0,88.44155950729942
United States,Vermont,50,2009,all,all,6110.0,120186.0,50.83786797131114
United States,Virginia,51,2009,all,all,105059.0,1632043.0,64.37269116071084
United States,Washington,53,2009,all,all,89313.0,1345084.0,66.39957058443933
United States,West Virginia,54,2009,all,all,21268.0,344474.0,61.74050871763907
United States,Wisconsin,55,2009,all,all,70843.0,1111789.0,63.71982453505117
United States,Wyoming,56,2009,all,all,7881.0,105064.0,75.01142160968551
United States,Alabama,01,2010,all,all,60050.0,958387.0,62.657360753015226
United States,Alaska,02,2010,all,all,11471.0,140950.0,81.38346931536006
United States,Arizona,04,2010,all,all,87477.0,1260823.0,69.38087265222795
United States,Arkansas,05,2010,all,all,38540.0,569533.0,67.66947657115567
United States,California,06,2010,all,all,510198.0,7866929.0,64.85351526624939
United States,Colorado,08,2010,all,all,66355.0,1023504.0,64.83120730353765
United States,Connecticut,09,2010,all,all,37708.0,691424.0,54.536724209746836
United States,Delaware,10,2010,all,all,11364.0,178514.0,63.658872693458214
United States,District of Columbia,11,2010,all,all,9165.0,162793.0,56.29848949279146
United States,Florida,12,2010,all,all,214590.0,3553835.0,60.38265704513575
United States,Georgia,13,2010,all,all,133947.0,2065974.0,64.83479462955486
United States,Hawaii,15,2010,all,all,18988.0,256943.0,73.8996586791623
United States,Idaho,16,2010,all,all,23198.0,305827.0,75.85334192206705
United States,Illinois,17,2010,all,all,165200.0,2624134.0,62.95410219142772
United States,Indiana,18,2010,all,all,83940.0,1286994.0,65.22174928554446
United States,Iowa,19,2010,all,all,38719.0,576835.0,67.12318080560298
United States,Kansas,20,2010,all,all,40649.0,553099.0,73.49317210842905
United States,Kentucky,21,2010,all,all,55784.0,853956.0,65.32420874143398
United States,Louisiana,22,2010,all,all,62379.0,926732.0,67.31072197787493
United States,Maine,23,2010,all,all,12970.0,240866.0,53.8473674159076
United States,Maryland,24,2010,all,all,73801.0,1189270.0,62.055714850286314
United States,Massachusetts,25,2010,all,all,72865.0,1353520.0,53.8337076659377
United States,Michigan,26,2010,all,all,114531.0,1913502.0,59.85413132570543
United States,Minnesota,27,2010,all,all,68610.0,1044566.0,65.682781174191
United States,Mississippi,28,2010,all,all,40036.0,601799.0,66.52719595745424
United States,Missouri,29,2010,all,all,76759.0,1173864.0,65.39002814636108
United States,Montana,30,2010,all,all,12060.0,179324.0,67.25257076576476
United States,Nebraska,31,2010,all,all,25918.0,354218.0,73.16963000186325
United States,Nevada,32,2010,all,all,35934.0,547651.0,65.6147802158674
United States,New Hampshire,33,2010,all,all,12874.0,249484.0,51.60250757563611
United States,New Jersey,34,2010,all,all,106922.0,1735099.0,61.622996728140585
United States,New Mexico,35,2010,all,all,27850.0,397629.0,70.04016306657714
United States,New York,36,2010,all,all,244375.0,4042471.0,60.45188697704943
United States,North Carolina,37,2010,all,all,122350.0,1941487.0,63.0187067953584
United States,North Dakota,38,2010,all,all,9104.0,128361.0,70.92496942217652
United States,Ohio,39,2010,all,all,139128.0,2231669.0,62.34257858132187
United States,Oklahoma,40,2010,all,all,53238.0,734697.0,72.46252536760052
United States,Oregon,41,2010,all,all,45540.0,754423.0,60.364013292277676
United States,Pennsylvania,42,2010,all,all,143321.0,2439749.0,58.74415769818944
United States,Rhode Island,44,2010,all,all,11177.0,214119.0,52.199944890458106
United States,South Carolina,45,2010,all,all,58342.0,921992.0,63.278206318493
United States,South Dakota,46,2010,all,all,11811.0,152018.0,77.69474667473588
United States,Tennessee,47,2010,all,all,79495.0,1272096.0,62.49135285387267
United States,Texas,48,2010,all,all,386118.0,5322420.0,72.54557137542697
United States,Utah,49,2010,all,all,52258.0,603344.0,86.61393831711263
United States,Vermont,50,2010,all,all,6223.0,118062.0,52.70959326455591
United States,Virginia,51,2010,all,all,103002.0,1632522.0,63.093789853980525
United States,Washington,53,2010,all,all,86539.0,1351925.0,64.011687038852
United States,West Virginia,54,2010,all,all,20470.0,341654.0,59.91441633933746
United States,Wisconsin,55,2010,all,all,68487.0,1095634.0,62.50901304632751
United States,Wyoming,56,2010,all,all,7556.0,106230.0,71.12868304622047
United States,Alabama,01,2011,all,all,59354.0,956950.0,62.0241391922253
United States,Alaska,02,2011,all,all,11456.0,142513.0,80.38564902850969
United States,Arizona,04,2011,all,all,85543.0,1269384.0,67.38937941552753
United States,Arkansas,05,2011,all,all,38715.0,572242.0,67.65494318837136
United States,California,06,2011,all,all,502120.0,7906241.0,63.509321307053504
United States,Colorado,08,2011,all,all,65055.0,1037195.0,62.7220532301062
United States,Connecticut,09,2011,all,all,37281.0,688816.0,54.123307240249936
United States,Delaware,10,2011,all,all,11257.0,178655.0,63.009711455039046
United States,District of Columbia,11,2011,all,all,9295.0,166682.0,55.764869631993854
United States,Florida,12,2011,all,all,213414.0,3571276.0,59.75847288196152
United States,Georgia,13,2011,all,all,132409.0,2067629.0,64.03905149328047
United States,Hawaii,15,2011,all,all,18956.0,258623.0,73.29587855681822
United States,Idaho,16,2011,all,all,22305.0,307549.0,72.52502853203879
United States,Illinois,17,2011,all,all,161312.0,2617791.0,61.62142050301189
United States,Indiana,18,2011,all,all,83701.0,1287251.0,65.02306077058786
United States,Iowa,19,2011,all,all,38214.0,579227.0,65.97413449303987
United States,Kansas,20,2011,all,all,39642.0,553769.0,71.58580563375703
United States,Kentucky,21,2011,all,all,55370.0,853645.0,64.86302854230973
United States,Louisiana,22,2011,all,all,61888.0,930158.0,66.5349327748619
United States,Maine,23,2011,all,all,12704.0,238875.0,53.18262689691261
United States,Maryland,24,2011,all,all,73093.0,1190910.0,61.37575467499643
United States,Massachusetts,25,2011,all,all,73166.0,1356419.0,53.94055966482333
United States,Michigan,26,2011,all,all,114008.0,1904716.0,59.85564252098476
United States,Minnesota,27,2011,all,all,68409.0,1044775.0,65.47725586848843
United States,Mississippi,28,2011,all,all,39860.0,601092.0,66.31264432066972
United States,Missouri,29,2011,all,all,76117.0,1172084.0,64.94159121701175
United States,Montana,30,2011,all,all,12069.0,180516.0,66.858339426976
United States,Nebraska,31,2011,all,all,25720.0,355861.0,72.27541090481958
United States,Nevada,32,2011,all,all,35296.0,546017.0,64.6426759606386
United States,New Hampshire,33,2011,all,all,12851.0,247942.0,51.83067007606618
United States,New Jersey,34,2011,all,all,105883.0,1726406.0,61.33145969140515
United States,New Mexico,35,2011,all,all,27289.0,399665.0,68.27968423554726
United States,New York,36,2011,all,all,241312.0,4040994.0,59.71600056817704
United States,North Carolina,37,2011,all,all,120389.0,1947387.0,61.82078857463873
United States,North Dakota,38,2011,all,all,9527.0,130638.0,72.92671351367902
United States,Ohio,39,2011,all,all,137918.0,2221866.0,62.07305030996469
United States,Oklahoma,40,2011,all,all,52272.0,741044.0,70.53832161113239
United States,Oregon,41,2011,all,all,45155.0,761477.0,59.29923031161808
United States,Pennsylvania,42,2011,all,all,143178.0,2434700.0,58.80724524582084
United States,Rhode Island,44,2011,all,all,10960.0,212494.0,51.57792690617147
United States,South Carolina,45,2011,all,all,57393.0,921170.0,62.304460631588086
United States,South Dakota,46,2011,all,all,11846.0,152741.0,77.55612441976942
United States,Tennessee,47,2011,all,all,79588.0,1274725.0,62.43542724901449
United States,Texas,48,2011,all,all,377445.0,5395961.0,69.94954188883129
United States,Utah,49,2011,all,all,51223.0,610903.0,83.8480086036572
United States,Vermont,50,2011,all,all,6078.0,117463.0,51.74395341511795
United States,Virginia,51,2011,all,all,102652.0,1638663.0,62.643752864377845
United States,Washington,53,2011,all,all,86976.0,1363510.0,63.78831105015731
United States,West Virginia,54,2011,all,all,20717.0,341074.0,60.740484469645885
United States,Wisconsin,55,2011,all,all,67810.0,1091066.0,62.15022739229341
United States,Wyoming,56,2011,all,all,7399.0,106384.0,69.54993232064973
United States,Alabama,01,2012,all,all,58448.0,957963.0,61.012794857421426
United States,Alaska,02,2012,all,all,11187.0,143564.0,77.92343484438996
United States,Arizona,04,2012,all,all,86441.0,1282267.0,67.4126371496732
United States,Arkansas,05,2012,all,all,38347.0,574043.0,66.8016159068223
United States,California,06,2012,all,all,503755.0,7942767.0,63.42311187020845
United States,Colorado,08,2012,all,all,65187.0,1050449.0,62.056320678110026
United States,Connecticut,09,2012,all,all,36539.0,686720.0,53.208003261882574
United States,Delaware,10,2012,all,all,11023.0,178459.0,61.76768893695471
United States,District of Columbia,11,2012,all,all,9399.0,170741.0,55.04828951452785
United States,Florida,12,2012,all,all,213148.0,3603008.0,59.15834769170648
United States,Georgia,13,2012,all,all,130280.0,2078223.0,62.68817157735239
United States,Hawaii,15,2012,all,all,18980.0,260194.0,72.9455713813539
United States,Idaho,16,2012,all,all,22963.0,308769.0,74.3695124834423
United States,Illinois,17,2012,all,all,159160.0,2609351.0,60.99601011899127
United States,Indiana,18,2012,all,all,83227.0,1286985.0,64.6681973760378
United States,Iowa,19,2012,all,all,38702.0,580355.0,66.68676930499436
United States,Kansas,20,2012,all,all,40341.0,555894.0,72.56959060540319
United States,Kentucky,21,2012,all,all,55758.0,851599.0,65.47447801136451
United States,Louisiana,22,2012,all,all,62642.0,932578.0,67.17078893132799
United States,Maine,23,2012,all,all,12798.0,236436.0,54.128812871136375
United States,Maryland,24,2012,all,all,72883.0,1192271.0,61.12955863222371
United States,Massachusetts,25,2012,all,all,72439.0,1359120.0,53.298457825651894
United States,Michigan,26,2012,all,all,113091.0,1899211.0,59.546306334577885
United States,Minnesota,27,2012,all,all,68772.0,1044844.0,65.82035212912167
United States,Mississippi,28,2012,all,all,38669.0,600147.0,64.43254735923031
United States,Missouri,29,2012,all,all,75446.0,1170720.0,64.44410277436108
United States,Montana,30,2012,all,all,12118.0,181417.0,66.79638622620813
United States,Nebraska,31,2012,all,all,25942.0,357739.0,72.51655536578343
United States,Nevada,32,2012,all,all,34911.0,549749.0,63.50352615466331
United States,New Hampshire,33,2012,all,all,12352.0,246449.0,50.119903103684734
United States,New Jersey,34,2012,all,all,104230.0,1716249.0,60.731280833958245
United States,New Mexico,35,2012,all,all,27068.0,399945.0,67.67930590456187
United States,New York,36,2012,all,all,240916.0,4033018.0,59.73590993147067
United States,North Carolina,37,2012,all,all,119831.0,1953911.0,61.328791331846745
United States,North Dakota,38,2012,all,all,10106.0,134086.0,75.3695389526125
United States,Ohio,39,2012,all,all,138483.0,2212463.0,62.59223318084868
United States,Oklahoma,40,2012,all,all,52751.0,746958.0,70.62110587208385
United States,Oregon,41,2012,all,all,45067.0,765859.0,58.84503544386108
United States,Pennsylvania,42,2012,all,all,142514.0,2426021.0,58.743926783815965
United States,Rhode Island,44,2012,all,all,10926.0,211435.0,51.67545581384349
United States,South Carolina,45,2012,all,all,57155.0,924316.0,61.834913600976286
United States,South Dakota,46,2012,all,all,12104.0,154429.0,78.37906092767551
United States,Tennessee,47,2012,all,all,80371.0,1281016.0,62.740043840201835
United States,Texas,48,2012,all,all,382727.0,5476739.0,69.88227848725309
United States,Utah,49,2012,all,all,51465.0,619015.0,83.14015007713868
United States,Vermont,50,2012,all,all,6009.0,116546.0,51.559041065330426
United States,Virginia,51,2012,all,all,103013.0,1648143.0,62.502464895339784
United States,Washington,53,2012,all,all,87463.0,1372482.0,63.72615451423043
United States,West Virginia,54,2012,all,all,20827.0,339831.0,61.286345271620306
United States,Wisconsin,55,2012,all,all,67295.0,1087681.0,61.87016229942419
United States,Wyoming,56,2012,all,all,7572.0,108281.0,69.92916578162374
United States,Alabama,01,2013,all,all,58167.0,959105.0,60.64716584732641
United States,Alaska,02,2013,all,all,11446.0,144566.0,79.17490972981199
United States,Arizona,04,2013,all,all,85600.0,1294004.0,66.151263829169
United States,Arkansas,05,2013,all,all,37832.0,575314.0,65.75887254612265
United States,California,06,2013,all,all,494705.0,7975692.0,62.02659280222957
United States,Colorado,08,2013,all,all,65007.0,1064592.0,61.062829703773836
United States,Connecticut,09,2013,all,all,36085.0,683436.0,52.79938428762898
United States,Delaware,10,2013,all,all,10831.0,178784.0,60.581483801682474
United States,District of Columbia,11,2013,all,all,9288.0,174176.0,53.325372037479326
United States,Florida,12,2013,all,all,215407.0,3635323.0,59.25388197967553
United States,Georgia,13,2013,all,all,128748.0,2081959.0,61.839834502024296
United States,Hawaii,15,2013,all,all,18987.0,260955.0,72.75967120767949
United States,Idaho,16,2013,all,all,22383.0,310808.0,72.01552083601452
United States,Illinois,17,2013,all,all,156931.0,2601261.0,60.32881744661531
United States,Indiana,18,2013,all,all,83102.0,1291398.0,64.35041714483064
United States,Iowa,19,2013,all,all,39094.0,584234.0,66.91496900214639
United States,Kansas,20,2013,all,all,38839.0,556826.0,69.75069411270307
United States,Kentucky,21,2013,all,all,55686.0,852664.0,65.30825741440943
United States,Louisiana,22,2013,all,all,63201.0,934904.0,67.6015933186723
United States,Maine,23,2013,all,all,12776.0,234569.0,54.465850133649376
United States,Maryland,24,2013,all,all,71953.0,1191591.0,60.38397403135808
United States,Massachusetts,25,2013,all,all,71788.0,1366099.0,52.549632200887345
United States,Michigan,26,2013,all,all,113489.0,1896229.0,59.849838811662515
United States,Minnesota,27,2013,all,all,69159.0,1048069.0,65.98706764535541
United States,Mississippi,28,2013,all,all,38634.0,600368.0,64.35053167390667
United States,Missouri,29,2013,all,all,75296.0,1170470.0,64.32971370475109
United States,Montana,30,2013,all,all,12377.0,183478.0,67.45767884978035
United States,Nebraska,31,2013,all,all,26095.0,359792.0,72.52801618713033
United States,Nevada,32,2013,all,all,35030.0,552882.0,63.358908410836314
United States,New Hampshire,33,2013,all,all,12396.0,245008.0,50.594266309671525
United States,New Jersey,34,2013,all,all,102575.0,1707609.0,60.069371852689926
United States,New Mexico,35,2013,all,all,26354.0,400062.0,65.87478940764181
United States,New York,36,2013,all,all,236980.0,4022854.0,58.908426704026546
United States,North Carolina,37,2013,all,all,119002.0,1964498.0,60.576289718798385
United States,North Dakota,38,2013,all,all,10599.0,139129.0,76.18109811757434
United States,Ohio,39,2013,all,all,138936.0,2213491.0,62.76781789489996
United States,Oklahoma,40,2013,all,all,53369.0,754604.0,70.7245124595152
United States,Oregon,41,2013,all,all,45155.0,768504.0,58.75701362647429
United States,Pennsylvania,42,2013,all,all,140921.0,2416613.0,58.31343289140628
United States,Rhode Island,44,2013,all,all,10809.0,210313.0,51.3948258072492
United States,South Carolina,45,2013,all,all,56795.0,929134.0,61.12681270946925
United States,South Dakota,46,2013,all,all,12248.0,155679.0,78.67470885604352
United States,Tennessee,47,2013,all,all,79992.0,1285302.0,62.235956996877
United States,Texas,48,2013,all,all,387340.0,5551574.0,69.77120362621483
United States,Utah,49,2013,all,all,50957.0,628684.0,81.05343861144867
United States,Vermont,50,2013,all,all,5975.0,116143.0,51.4452011744143
United States,Virginia,51,2013,all,all,102147.0,1652243.0,61.82323060227824
United States,Washington,53,2013,all,all,86577.0,1380000.0,62.73695652173913
United States,West Virginia,54,2013,all,all,20825.0,337937.0,61.62391214930594
United States,Wisconsin,55,2013,all,all,66649.0,1087112.0,61.3083104592719
United States,Wyoming,56,2013,all,all,7644.0,109661.0,69.70572947538322
United States,Alabama,01,2014,all,all,59422.0,957755.0,62.04300682324811
United States,Alaska,02,2014,all,all,11392.0,144107.0,79.05237080780253
United States,Arizona,04,2014,all,all,86887.0,1309452.0,66.35371132351548
United States,Arkansas,05,2014,all,all,38511.0,575786.0,66.88422434724012
United States,California,06,2014,all,all,502879.0,8005164.0,62.8193251256314
United States,Colorado,08,2014,all,all,65830.0,1078253.0,61.05246171353106
United States,Connecticut,09,2014,all,all,36285.0,680830.0,53.29524257156706
United States,Delaware,10,2014,all,all,10972.0,179035.0,61.2841064596308
United States,District of Columbia,11,2014,all,all,9509.0,176811.0,53.78059057411586
United States,Florida,12,2014,all,all,219991.0,3674296.0,59.8729661409968
United States,Georgia,13,2014,all,all,130946.0,2091522.0,62.60799551714015
United States,Hawaii,15,2014,all,all,18550.0,259973.0,71.35356363930102
United States,Idaho,16,2014,all,all,22876.0,313669.0,72.93038202691372
United States,Illinois,17,2014,all,all,158556.0,2588205.0,61.260989759311954
United States,Indiana,18,2014,all,all,84080.0,1293763.0,64.98871895393515
United States,Iowa,19,2014,all,all,39687.0,587004.0,67.60942003802359
United States,Kansas,20,2014,all,all,39223.0,556910.0,70.42969240990466
United States,Kentucky,21,2014,all,all,56170.0,850503.0,66.04327086441789
United States,Louisiana,22,2014,all,all,64497.0,936239.0,68.88946091756486
United States,Maine,23,2014,all,all,12698.0,233951.0,54.27632281973575
United States,Maryland,24,2014,all,all,73921.0,1189785.0,62.12971251108394
United States,Massachusetts,25,2014,all,all,71908.0,1372590.0,52.388550113289476
United States,Michigan,26,2014,all,all,114375.0,1892402.0,60.439061045169055
United States,Minnesota,27,2014,all,all,69904.0,1050877.0,66.51967832581738
United States,Mississippi,28,2014,all,all,38736.0,598941.0,64.67414987452855
United States,Missouri,29,2014,all,all,75360.0,1170209.0,64.3987527014405
United States,Montana,30,2014,all,all,12432.0,184677.0,67.31753277343687
United States,Nebraska,31,2014,all,all,26794.0,362002.0,74.01616565654332
United States,Nevada,32,2014,all,all,35861.0,558514.0,64.20788019637824
United States,New Hampshire,33,2014,all,all,12302.0,244535.0,50.307726910258246
United States,New Jersey,34,2014,all,all,103305.0,1697694.0,60.850188549880016
United States,New Mexico,35,2014,all,all,26052.0,398213.0,65.42227400913582
United States,New York,36,2014,all,all,238773.0,4004770.0,59.62215058542688
United States,North Carolina,37,2014,all,all,120975.0,1971768.0,61.35356695108147
United States,North Dakota,38,2014,all,all,11359.0,142193.0,79.8843824942156
United States,Ohio,39,2014,all,all,139467.0,2211361.0,63.06839995821578
United States,Oklahoma,40,2014,all,all,53339.0,759515.0,70.22771110511313
United States,Oregon,41,2014,all,all,45556.0,774894.0,58.789976435486665
United States,Pennsylvania,42,2014,all,all,142268.0,2407590.0,59.091456601830046
United States,Rhode Island,44,2014,all,all,10823.0,209554.0,51.64778529639138
United States,South Carolina,45,2014,all,all,57627.0,936159.0,61.55685091955533
United States,South Dakota,46,2014,all,all,12283.0,156394.0,78.53881862475542
United States,Tennessee,47,2014,all,all,81602.0,1289982.0,63.25824701429943
United States,Texas,48,2014,all,all,399766.0,5645777.0,70.80796850460088
United States,Utah,49,2014,all,all,51154.0,636682.0,80.3446618563113
United States,Vermont,50,2014,all,all,6130.0,115384.0,53.12695001040006
United States,Virginia,51,2014,all,all,103300.0,1654578.0,62.43283785956298
United States,Washington,53,2014,all,all,88585.0,1393345.0,63.577218851038324
United States,West Virginia,54,2014,all,all,20301.0,335995.0,60.420541972350776
United States,Wisconsin,55,2014,all,all,67161.0,1086448.0,61.817040484220136
United States,Wyoming,56,2014,all,all,7696.0,109480.0,70.29594446474242
United States,Alabama,01,2015,all,all,59657.0,954761.0,62.483700109242
United States,Alaska,02,2015,all,all,11282.0,143658.0,78.53373985437636
United States,Arizona,04,2015,all,all,85351.0,1321883.0,64.56774162312398
United States,Arkansas,05,2015,all,all,38886.0,576090.0,67.49986981200854
United States,California,06,2015,all,all,491748.0,8024367.0,61.28184316594692
United States,Colorado,08,2015,all,all,66581.0,1099132.0,60.5759817747095
United States,Connecticut,09,2015,all,all,35746.0,676161.0,52.866107332425265
United States,Delaware,10,2015,all,all,11166.0,178955.0,62.395574306389875
United States,District of Columbia,11,2015,all,all,9578.0,180590.0,53.037266736807126
United States,Florida,12,2015,all,all,224269.0,3721441.0,60.26402138311477
United States,Georgia,13,2015,all,all,131404.0,2104203.0,62.44834742655533
United States,Hawaii,15,2015,all,all,18420.0,259467.0,70.99168680410226
United States,Idaho,16,2015,all,all,22827.0,316630.0,72.09361083914979
United States,Illinois,17,2015,all,all,158116.0,2567845.0,61.57536767211417
United States,Indiana,18,2015,all,all,84040.0,1291965.0,65.04820177017179
United States,Iowa,19,2015,all,all,39482.0,588341.0,67.10734081085629
United States,Kansas,20,2015,all,all,39154.0,558112.0,70.15437761596239
United States,Kentucky,21,2015,all,all,55971.0,848940.0,65.93045444907767
United States,Louisiana,22,2015,all,all,64692.0,936902.0,69.04884395593136
United States,Maine,23,2015,all,all,12607.0,232028.0,54.33395969451962
United States,Maryland,24,2015,all,all,73616.0,1187745.0,61.97963367557851
United States,Massachusetts,25,2015,all,all,71492.0,1374213.0,52.02395844021269
United States,Michigan,26,2015,all,all,113312.0,1883691.0,60.15423973464863
United States,Minnesota,27,2015,all,all,69834.0,1051518.0,66.41255784494416
United States,Mississippi,28,2015,all,all,38394.0,596866.0,64.32599611973207
United States,Missouri,29,2015,all,all,75061.0,1169604.0,64.17642210525956
United States,Montana,30,2015,all,all,12583.0,185844.0,67.70732442263404
United States,Nebraska,31,2015,all,all,26679.0,363772.0,73.33989421945614
United States,Nevada,32,2015,all,all,36298.0,565251.0,64.21572009602814
United States,New Hampshire,33,2015,all,all,12433.0,243185.0,51.12568620597487
United States,New Jersey,34,2015,all,all,103127.0,1688553.0,61.07418600422965
United States,New Mexico,35,2015,all,all,25816.0,396990.0,65.02934582735081
United States,New York,36,2015,all,all,237274.0,3976774.0,59.664944500240644
United States,North Carolina,37,2015,all,all,120843.0,1979226.0,61.05568540429441
United States,North Dakota,38,2015,all,all,11314.0,145700.0,77.65271105010295
United States,Ohio,39,2015,all,all,139264.0,2206988.0,63.101385236349266
United States,Oklahoma,40,2015,all,all,53122.0,765578.0,69.38809631415741
United States,Oregon,41,2015,all,all,45655.0,783275.0,58.287319268456166
United States,Pennsylvania,42,2015,all,all,141047.0,2393610.0,58.92647507321577
United States,Rhode Island,44,2015,all,all,10993.0,208469.0,52.73206088195367
United States,South Carolina,45,2015,all,all,58139.0,944685.0,61.54326574466621
United States,South Dakota,46,2015,all,all,12336.0,156437.0,78.85602510914937
United States,Tennessee,47,2015,all,all,81685.0,1294231.0,63.11469899886496
United States,Texas,48,2015,all,all,403618.0,5739945.0,70.31739851165823
United States,Utah,49,2015,all,all,50778.0,646078.0,78.59422546503673
United States,Vermont,50,2015,all,all,5903.0,115066.0,51.300992473884556
United States,Virginia,51,2015,all,all,103303.0,1653410.0,62.47875602542624
United States,Washington,53,2015,all,all,88990.0,1410756.0,63.0796537459348
United States,West Virginia,54,2015,all,all,19805.0,332273.0,59.604602239724564
United States,Wisconsin,55,2015,all,all,67041.0,1083632.0,61.86694375950507
United States,Wyoming,56,2015,all,all,7765.0,109668.0,70.80461027829449
United States,Alabama,01,2016,all,all,59151.0,950852.0,62.20841939649914
United States,Alaska,02,2016,all,all,11209.0,144035.0,77.82136286319297
United States,Arizona,04,2016,all,all,84520.0,1337661.0,63.1849175538496
United States,Arkansas,05,2016,all,all,38274.0,575847.0,66.46557158411869
United States,California,06,2016,all,all,488827.0,8038052.0,60.81411267307054
United States,Colorado,08,2016,all,all,66613.0,1117781.0,59.59396339712341
United States,Connecticut,09,2016,all,all,36015.0,671584.0,53.626947634249774
United States,Delaware,10,2016,all,all,10992.0,178218.0,61.67727165606168
United States,District of Columbia,11,2016,all,all,9858.0,183210.0,53.807106598984774
United States,Florida,12,2016,all,all,225022.0,3773513.0,59.6319662871176
United States,Georgia,13,2016,all,all,130042.0,2120722.0,61.31968263638515
United States,Hawaii,15,2016,all,all,18059.0,259581.0,69.56980672699466
United States,Idaho,16,2016,all,all,22482.0,322931.0,69.61858725238518
United States,Illinois,17,2016,all,all,154445.0,2543194.0,60.728752898913726
United States,Indiana,18,2016,all,all,83091.0,1292701.0,64.27704473037461
United States,Iowa,19,2016,all,all,39403.0,589130.0,66.8833703936313
United States,Kansas,20,2016,all,all,38053.0,557336.0,68.27658719336272
United States,Kentucky,21,2016,all,all,55449.0,846664.0,65.49115115323198
United States,Louisiana,22,2016,all,all,63178.0,934989.0,67.5708484270938
United States,Maine,23,2016,all,all,12705.0,231251.0,54.94030296085206
United States,Maryland,24,2016,all,all,73136.0,1180800.0,61.93766937669377
United States,Massachusetts,25,2016,all,all,71317.0,1376100.0,51.82544873192355
United States,Michigan,26,2016,all,all,113315.0,1878871.0,60.31015434268771
United States,Minnesota,27,2016,all,all,69749.0,1055396.0,66.08798972139368
United States,Mississippi,28,2016,all,all,37928.0,593505.0,63.90510610694097
United States,Missouri,29,2016,all,all,74705.0,1166698.0,64.03113744945135
United States,Montana,30,2016,all,all,12282.0,187726.0,65.42514089683901
United States,Nebraska,31,2016,all,all,26589.0,366327.0,72.58269251242743
United States,Nevada,32,2016,all,all,36260.0,571649.0,63.43053167240736
United States,New Hampshire,33,2016,all,all,12267.0,242924.0,50.4972748678599
United States,New Jersey,34,2016,all,all,102647.0,1678522.0,61.15320502203724
United States,New Mexico,35,2016,all,all,24692.0,396315.0,62.30397537312491
United States,New York,36,2016,all,all,234283.0,3945278.0,59.38314106128896
United States,North Carolina,37,2016,all,all,120779.0,1994750.0,60.54843965409199
United States,North Dakota,38,2016,all,all,11383.0,145246.0,78.37048868815664
United States,Ohio,39,2016,all,all,138085.0,2201239.0,62.7305803686015
United States,Oklahoma,40,2016,all,all,52592.0,767087.0,68.56067173606122
United States,Oregon,41,2016,all,all,45535.0,799921.0,56.92437128166406
United States,Pennsylvania,42,2016,all,all,139409.0,2380392.0,58.565563991140955
United States,Rhode Island,44,2016,all,all,10798.0,207681.0,51.99320111131976
United States,South Carolina,45,2016,all,all,57342.0,951604.0,60.25825868743721
United States,South Dakota,46,2016,all,all,12275.0,157797.0,77.789818564358
United States,Tennessee,47,2016,all,all,80807.0,1298980.0,62.208040154582825
United States,Texas,48,2016,all,all,398047.0,5815068.0,68.45096222434543
United States,Utah,49,2016,all,all,50464.0,660055.0,76.45423487436653
United States,Vermont,50,2016,all,all,5756.0,114128.0,50.43459974765176
United States,Virginia,51,2016,all,all,102460.0,1650959.0,62.06089915013032
United States,Washington,53,2016,all,all,90505.0,1434695.0,63.08309431621355
United States,West Virginia,54,2016,all,all,19079.0,327459.0,58.263782641491
United States,Wisconsin,55,2016,all,all,66615.0,1081250.0,61.60924855491329
United States,Wyoming,56,2016,all,all,7386.0,108976.0,67.77639113199237
United States,Alabama,01,2017,all,all,58941.0,948297.0,62.15457815431241
United States,Alaska,02,2017,all,all,10445.0,143412.0,72.83212004574234
United States,Arizona,04,2017,all,all,81872.0,1352115.0,60.551062594527835
United States,Arkansas,05,2017,all,all,37520.0,576096.0,65.12803421651947
United States,California,06,2017,all,all,471658.0,8044837.0,58.62865835566339
United States,Colorado,08,2017,all,all,64382.0,1133768.0,56.78586800826977
United States,Connecticut,09,2017,all,all,35221.0,669631.0,52.59762466194068
United States,Delaware,10,2017,all,all,10855.0,178179.0,60.921881927724364
United States,District of Columbia,11,2017,all,all,9560.0,186031.0,51.38928458160199
United States,Florida,12,2017,all,all,223630.0,3819257.0,58.553273581746396
United States,Georgia,13,2017,all,all,129243.0,2134594.0,60.54687682997329
United States,Hawaii,15,2017,all,all,17517.0,258277.0,67.82253162302489
United States,Idaho,16,2017,all,all,22181.0,329919.0,67.23165383018257
United States,Illinois,17,2017,all,all,149390.0,2523054.0,59.20998916392594
United States,Indiana,18,2017,all,all,82170.0,1294328.0,63.484680853693966
United States,Iowa,19,2017,all,all,38430.0,590894.0,65.03704556147126
United States,Kansas,20,2017,all,all,36519.0,556052.0,65.67551236215317
United States,Kentucky,21,2017,all,all,54752.0,846070.0,64.71332159277601
United States,Louisiana,22,2017,all,all,61018.0,928894.0,65.68887300380884
United States,Maine,23,2017,all,all,12298.0,230750.0,53.29577464788733
United States,Maryland,24,2017,all,all,71641.0,1178924.0,60.768124153889474
United States,Massachusetts,25,2017,all,all,70702.0,1383819.0,51.091941937493274
United States,Michigan,26,2017,all,all,111426.0,1878268.0,59.32380256704581
United States,Minnesota,27,2017,all,all,68595.0,1063072.0,64.52526263508022
United States,Mississippi,28,2017,all,all,37357.0,590349.0,63.27951770901619
United States,Missouri,29,2017,all,all,73034.0,1168143.0,62.52145499309587
United States,Montana,30,2017,all,all,11799.0,190608.0,61.90191387559808
United States,Nebraska,31,2017,all,all,25821.0,368071.0,70.15222606507983
United States,Nevada,32,2017,all,all,35756.0,579856.0,61.66358544190282
United States,New Hampshire,33,2017,all,all,12116.0,243570.0,49.74340025454695
United States,New Jersey,34,2017,all,all,101250.0,1677257.0,60.36641969596788
United States,New Mexico,35,2017,all,all,23767.0,395345.0,60.11711290138993
United States,New York,36,2017,all,all,229737.0,3917056.0,58.65042521730606
United States,North Carolina,37,2017,all,all,120125.0,2008666.0,59.80337198917092
United States,North Dakota,38,2017,all,all,10737.0,145321.0,73.88471039973575
United States,Ohio,39,2017,all,all,136832.0,2203404.0,62.1002775705227
United States,Oklahoma,40,2017,all,all,50214.0,765901.0,65.56199822170228
United States,Oregon,41,2017,all,all,43631.0,811291.0,53.77971652588282
United States,Pennsylvania,42,2017,all,all,137745.0,2376335.0,57.96531212981335
United States,Rhode Island,44,2017,all,all,10638.0,206964.0,51.40024352061228
United States,South Carolina,45,2017,all,all,57029.0,959340.0,59.44607751162257
United States,South Dakota,46,2017,all,all,12134.0,159690.0,75.9847203957668
United States,Tennessee,47,2017,all,all,81016.0,1308167.0,61.930930836812124
United States,Texas,48,2017,all,all,382050.0,5879401.0,64.98110947016542
United States,Utah,49,2017,all,all,48585.0,674703.0,72.00946194103183
United States,Vermont,50,2017,all,all,5655.0,114221.0,49.50928463242311
United States,Virginia,51,2017,all,all,100391.0,1655727.0,60.63258012945371
United States,Washington,53,2017,all,all,87562.0,1462880.0,59.85590068905174
United States,West Virginia,54,2017,all,all,18675.0,322183.0,57.96395216383236
United States,Wisconsin,55,2017,all,all,64975.0,1082909.0,60.000424781768366
United States,Wyoming,56,2017,all,all,6903.0,107470.0,64.23187866381316
United States,Alabama,01,2018,all,all,57761.0,947147.0,60.98419780667626
United States,Alaska,02,2018,all,all,10086.0,142216.0,70.920290262699
United States,Arizona,04,2018,all,all,80723.0,1372790.0,58.8021474515403
United States,Arkansas,05,2018,all,all,37018.0,576578.0,64.2029352490036
United States,California,06,2018,all,all,454920.0,8046097.0,56.53921398163606
United States,Colorado,08,2018,all,all,62885.0,1155173.0,54.43773356891132
United States,Connecticut,09,2018,all,all,34725.0,670000.0,51.82835820895522
United States,Delaware,10,2018,all,all,10621.0,178615.0,59.46309100579458
United States,District of Columbia,11,2018,all,all,9212.0,187938.0,49.016164905447546
United States,Florida,12,2018,all,all,221542.0,3851386.0,57.52266846273004
United States,Georgia,13,2018,all,all,126172.0,2149822.0,58.68951010827873
United States,Hawaii,15,2018,all,all,16972.0,257143.0,66.00218555434135
United States,Idaho,16,2018,all,all,21403.0,336694.0,63.568106351761536
United States,Illinois,17,2018,all,all,144815.0,2504925.0,57.81211014301826
United States,Indiana,18,2018,all,all,81646.0,1301847.0,62.71551111612962
United States,Iowa,19,2018,all,all,37785.0,592377.0,63.78539342344487
United States,Kansas,20,2018,all,all,36261.0,557912.0,64.99412093663517
United States,Kentucky,21,2018,all,all,53922.0,845381.0,63.78425822203243
United States,Louisiana,22,2018,all,all,59615.0,924237.0,64.5018539617003
United States,Maine,23,2018,all,all,12311.0,231501.0,53.17903594368923
United States,Maryland,24,2018,all,all,71080.0,1178564.0,60.31068317036665
United States,Massachusetts,25,2018,all,all,69109.0,1389869.0,49.72339119729989
United States,Michigan,26,2018,all,all,110032.0,1878175.0,58.584530195535564
United States,Minnesota,27,2018,all,all,67344.0,1072317.0,62.80232431267993
United States,Mississippi,28,2018,all,all,37000.0,584641.0,63.28670072745497
United States,Missouri,29,2018,all,all,73269.0,1169877.0,62.62966106693267
United States,Montana,30,2018,all,all,11513.0,192671.0,59.75471139922458
United States,Nebraska,31,2018,all,all,25488.0,370674.0,68.76122954401981
United States,Nevada,32,2018,all,all,35682.0,590202.0,60.45726717293401
United States,New Hampshire,33,2018,all,all,11995.0,243878.0,49.18442827971363
United States,New Jersey,34,2018,all,all,101223.0,1674163.0,60.46185467006499
United States,New Mexico,35,2018,all,all,23039.0,395497.0,58.253286371325196
United States,New York,36,2018,all,all,226238.0,3894471.0,58.09210031349572
United States,North Carolina,37,2018,all,all,118954.0,2026795.0,58.69069146114926
United States,North Dakota,38,2018,all,all,10636.0,146087.0,72.80593071252062
United States,Ohio,39,2018,all,all,135134.0,2206199.0,61.25195415282121
United States,Oklahoma,40,2018,all,all,49800.0,767348.0,64.898846416489
United States,Oregon,41,2018,all,all,42188.0,819240.0,51.49650895952347
United States,Pennsylvania,42,2018,all,all,135673.0,2379435.0,57.01899820755767
United States,Rhode Island,44,2018,all,all,10506.0,207478.0,50.63669401093128
United States,South Carolina,45,2018,all,all,56669.0,966916.0,58.60798662965552
United States,South Dakota,46,2018,all,all,11893.0,160539.0,74.08168731585471
United States,Tennessee,47,2018,all,all,80751.0,1319969.0,61.176436719347194
United States,Texas,48,2018,all,all,378624.0,5942241.0,63.71737531345498
United States,Utah,49,2018,all,all,47209.0,688130.0,68.60476944763344
United States,Vermont,50,2018,all,all,5432.0,114441.0,47.46550624339179
United States,Virginia,51,2018,all,all,99843.0,1658875.0,60.18717504332756
United States,Washington,53,2018,all,all,86085.0,1486975.0,57.892701625783886
United States,West Virginia,54,2018,all,all,18248.0,318352.0,57.32019902497864
United States,Wisconsin,55,2018,all,all,64098.0,1085898.0,59.02764348032688
United States,Wyoming,56,2018,all,all,6562.0,107202.0,61.2115445607358
United States,Alabama,01,2019,all,all,58615.0,947505.0,61.86247038274204
United States,Alaska,02,2019,all,all,9822.0,141373.0,69.4757839191359
United States,Arizona,04,2019,all,all,79375.0,1395862.0,56.86450379765335
United States,Arkansas,05,2019,all,all,36564.0,577597.0,63.303652892934004
United States,California,06,2019,all,all,446479.0,8042104.0,55.517685421625984
United States,Colorado,08,2019,all,all,62869.0,1173509.0,53.57351328366464
United States,Connecticut,09,2019,all,all,34258.0,670071.0,51.12592546163019
United States,Delaware,10,2019,all,all,10562.0,179495.0,58.8428647037522
United States,District of Columbia,11,2019,all,all,9079.0,189607.0,47.883253255417785
United States,Florida,12,2019,all,all,220002.0,3877863.0,56.732793293625896
United States,Georgia,13,2019,all,all,126371.0,2170880.0,58.21187721108491
United States,Hawaii,15,2019,all,all,16797.0,255741.0,65.67973066500873
United States,Idaho,16,2019,all,all,22063.0,344225.0,64.0947054978575
United States,Illinois,17,2019,all,all,140128.0,2491212.0,56.24892622546777
United States,Indiana,18,2019,all,all,80859.0,1310119.0,61.71882096206527
United States,Iowa,19,2019,all,all,37649.0,594026.0,63.37938070050805
United States,Kansas,20,2019,all,all,35395.0,558920.0,63.32748872826165
United States,Kentucky,21,2019,all,all,53069.0,845501.0,62.76633617228129
United States,Louisiana,22,2019,all,all,58941.0,920124.0,64.05767048789076
United States,Maine,23,2019,all,all,11779.0,232605.0,50.63949614152748
United States,Maryland,24,2019,all,all,70178.0,1178978.0,59.52443557046866
United States,Massachusetts,25,2019,all,all,69117.0,1392795.0,49.62467556244817
United States,Michigan,26,2019,all,all,107886.0,1878038.0,57.44612196345335
United States,Minnesota,27,2019,all,all,66027.0,1081343.0,61.06018164449208
United States,Mississippi,28,2019,all,all,36636.0,582126.0,62.934828542274346
United States,Missouri,29,2019,all,all,72127.0,1173968.0,61.43864227985772
United States,Montana,30,2019,all,all,11079.0,194608.0,56.92982816739291
United States,Nebraska,31,2019,all,all,24755.0,372616.0,66.43568714172231
United States,Nevada,32,2019,all,all,35072.0,599543.0,58.49788922562686
United States,New Hampshire,33,2019,all,all,11839.0,245592.0,48.20596762109515
United States,New Jersey,34,2019,all,all,99585.0,1672683.0,59.536086634466905
United States,New Mexico,35,2019,all,all,22960.0,396679.0,57.88055329372112
United States,New York,36,2019,all,all,221539.0,3871739.0,57.21950782322879
United States,North Carolina,37,2019,all,all,118725.0,2044597.0,58.06767788468828
United States,North Dakota,38,2019,all,all,10454.0,147001.0,71.11516248188788
United States,Ohio,39,2019,all,all,134461.0,2210423.0,60.830438336915606
United States,Oklahoma,40,2019,all,all,49143.0,771770.0,63.67570649286705
United States,Oregon,41,2019,all,all,41858.0,827501.0,50.58362467235689
United States,Pennsylvania,42,2019,all,all,134230.0,2382036.0,56.350953554018496
United States,Rhode Island,44,2019,all,all,10175.0,207887.0,48.94485946692193
United States,South Carolina,45,2019,all,all,57038.0,976843.0,58.39014048316874
United States,South Dakota,46,2019,all,all,11449.0,161553.0,70.8683837502244
United States,Tennessee,47,2019,all,all,80450.0,1331276.0,60.43074463897794
United States,Texas,48,2019,all,all,377599.0,6015513.0,62.77087257562239
United States,Utah,49,2019,all,all,46826.0,701559.0,66.74563365304985
United States,Vermont,50,2019,all,all,5361.0,114461.0,46.83691388333144
United States,Virginia,51,2019,all,all,97429.0,1663150.0,58.581005922496466
United States,Washington,53,2019,all,all,84895.0,1509040.0,56.25762073901288
United States,West Virginia,54,2019,all,all,18136.0,314987.0,57.576979367402465
United States,Wisconsin,55,2019,all,all,63270.0,1089256.0,58.085518923007996
United States,Wyoming,56,2019,all,all,6565.0,107437.0,61.10557815277791
United States,Alabama,01,2020,all,all,57647.0,969497.0,59.46073066755235
United States,Alaska,02,2020,all,all,9469.0,141056.0,67.1293670598911
United States,Arizona,04,2020,all,all,76947.0,1377078.0,55.87700914545145
United States,Arkansas,05,2020,all,all,35251.0,577011.0,61.09242284809128
United States,California,06,2020,all,all,420259.0,8017637.0,52.41681557795645
United States,Colorado,08,2020,all,all,61494.0,1182284.0,52.01288353728884
United States,Connecticut,09,2020,all,all,33460.0,677535.0,49.384902624956645
United States,Delaware,10,2020,all,all,10392.0,182801.0,56.848704328750934
United States,District of Columbia,11,2020,all,all,8874.0,185234.0,47.90697172225401
United States,Florida,12,2020,all,all,209671.0,3888427.0,53.921804369736144
United States,Georgia,13,2020,all,all,122473.0,2188464.0,55.96299505040978
United States,Hawaii,15,2020,all,all,15785.0,260386.0,60.621538792408195
United States,Idaho,16,2020,all,all,21533.0,356448.0,60.40993356674746
United States,Illinois,17,2020,all,all,133298.0,2509076.0,53.1263301709474
United States,Indiana,18,2020,all,all,78616.0,1318746.0,59.61420925636931
United States,Iowa,19,2020,all,all,36114.0,602420.0,59.948208890807074
United States,Kansas,20,2020,all,all,34376.0,563782.0,60.97392254452962
United States,Kentucky,21,2020,all,all,51668.0,851701.0,60.66448201892448
United States,Louisiana,22,2020,all,all,57328.0,918841.0,62.3916433855259
United States,Maine,23,2020,all,all,11539.0,236566.0,48.777085464521534
United States,Maryland,24,2020,all,all,68554.0,1203152.0,56.97866936180965
United States,Massachusetts,25,2020,all,all,66428.0,1419488.0,46.79715503054623
United States,Michigan,26,2020,all,all,104074.0,1891005.0,55.036343108558675
United States,Minnesota,27,2020,all,all,63443.0,1095954.0,57.88837852683598
United States,Mississippi,28,2020,all,all,35473.0,576871.0,61.4920840187841
United States,Missouri,29,2020,all,all,69285.0,1178136.0,58.80899997962884
United States,Montana,30,2020,all,all,10791.0,199074.0,54.20597365803671
United States,Nebraska,31,2020,all,all,24291.0,378893.0,64.11044806845204
United States,Nevada,32,2020,all,all,33653.0,606373.0,55.498843121313115
United States,New Hampshire,33,2020,all,all,11791.0,249107.0,47.33307373939712
United States,New Jersey,34,2020,all,all,97954.0,1743956.0,56.16770147870703
United States,New Mexico,35,2020,all,all,21903.0,401359.0,54.57209131974118
United States,New York,36,2020,all,all,209338.0,3993250.0,52.42296375133037
United States,North Carolina,37,2020,all,all,116730.0,2035647.0,57.34294796691175
United States,North Dakota,38,2020,all,all,10059.0,150648.0,66.7715469173172
United States,Ohio,39,2020,all,all,129191.0,2230583.0,57.918042054476345
United States,Oklahoma,40,2020,all,all,47623.0,774144.0,61.51697875330687
United States,Oregon,41,2020,all,all,39820.0,833042.0,47.800711128610565
United States,Pennsylvania,42,2020,all,all,130693.0,2419088.0,54.025732011402646
United States,Rhode Island,44,2020,all,all,10101.0,214732.0,47.040031294823315
United States,South Carolina,45,2020,all,all,55704.0,972781.0,57.262631568667565
United States,South Dakota,46,2020,all,all,10960.0,162609.0,67.4009433672183
United States,Tennessee,47,2020,all,all,78689.0,1348585.0,58.34930686608556
United States,Texas,48,2020,all,all,368190.0,6052330.0,60.83442244557055
United States,Utah,49,2020,all,all,45702.0,717920.0,63.6589034989971
United States,Vermont,50,2020,all,all,5133.0,118357.0,43.36879103052629
United States,Virginia,51,2020,all,all,94749.0,1683238.0,56.28972254666304
United States,Washington,53,2020,all,all,83086.0,1533140.0,54.19335481430267
United States,West Virginia,54,2020,all,all,17323.0,314353.0,55.10683849048681
United States,Wisconsin,55,2020,all,all,60594.0,1103411.0,54.91516760300559
United States,Wyoming,56,2020,all,all,6128.0,107064.0,57.23679294627512
United States,Alabama,01,2021,all,all,58054.0,974829.0,59.553008784104705
United States,Alaska,02,2021,all,all,9367.0,141381.0,66.25359843260411
United States,Arizona,04,2021,all,all,77916.0,1401970.0,55.576082227151794
United States,Arkansas,05,2021,all,all,35965.0,582455.0,61.747259444935665
United States,California,06,2021,all,all,420608.0,7950771.0,52.90153621579593
United States,Colorado,08,2021,all,all,62949.0,1193792.0,52.730291374041705
United States,Connecticut,09,2021,all,all,35670.0,684477.0,52.11278099921546
United States,Delaware,10,2021,all,all,10482.0,185093.0,56.63099090727364
United States,District of Columbia,11,2021,all,all,8660.0,177124.0,48.89230143854023
United States,Florida,12,2021,all,all,216260.0,3925096.0,55.09674158288103
United States,Georgia,13,2021,all,all,124073.0,2211968.0,56.09167944563393
United States,Hawaii,15,2021,all,all,15620.0,257043.0,60.76804270102667
United States,Idaho,16,2021,all,all,22427.0,368813.0,60.80859405715092
United States,Illinois,17,2021,all,all,132189.0,2487384.0,53.14378479559248
United States,Indiana,18,2021,all,all,79946.0,1328051.0,60.197989384443815
United States,Iowa,19,2021,all,all,36835.0,606309.0,60.75285044424543
United States,Kansas,20,2021,all,all,34705.0,565732.0,61.3453013087469
United States,Kentucky,21,2021,all,all,52214.0,855893.0,61.005289212553436
United States,Louisiana,22,2021,all,all,57437.0,914316.0,62.81963784949623
United States,Maine,23,2021,all,all,12006.0,240730.0,49.87330203962946
United States,Maryland,24,2021,all,all,68285.0,1205457.0,56.64656640593568
United States,Massachusetts,25,2021,all,all,69137.0,1411403.0,48.98459192732338
United States,Michigan,26,2021,all,all,104980.0,1895250.0,55.391109352328186
United States,Minnesota,27,2021,all,all,64425.0,1099940.0,58.571376620542935
United States,Mississippi,28,2021,all,all,35156.0,576769.0,60.953345273411024
United States,Missouri,29,2021,all,all,69453.0,1186346.0,58.543628924445315
United States,Montana,30,2021,all,all,11231.0,204547.0,54.90669626051714
United States,Nebraska,31,2021,all,all,24609.0,380948.0,64.59936789273077
United States,Nevada,32,2021,all,all,33686.0,613038.0,54.949285362408204
United States,New Hampshire,33,2021,all,all,12625.0,252999.0,49.90138300941901
United States,New Jersey,34,2021,all,all,101497.0,1747884.0,58.068498824864804
United States,New Mexico,35,2021,all,all,21391.0,402868.0,53.09679597287449
United States,New York,36,2021,all,all,210742.0,3895380.0,54.100498539295266
United States,North Carolina,37,2021,all,all,120466.0,2061442.0,58.43773436264517
United States,North Dakota,38,2021,all,all,10112.0,150589.0,67.14965900563787
United States,Ohio,39,2021,all,all,129791.0,2238663.0,57.977015745558845
United States,Oklahoma,40,2021,all,all,48410.0,783969.0,61.74989062067505
United States,Oregon,41,2021,all,all,40914.0,835675.0,48.959224578933195
United States,Pennsylvania,42,2021,all,all,132622.0,2425066.0,54.68799612051796
United States,Rhode Island,44,2021,all,all,10464.0,215916.0,48.4632912799422
United States,South Carolina,45,2021,all,all,57185.0,987405.0,57.914432274497294
United States,South Dakota,46,2021,all,all,11369.0,165248.0,68.79962238574748
United States,Tennessee,47,2021,all,all,81717.0,1364959.0,59.86773229086002
United States,Texas,48,2021,all,all,373594.0,6134162.0,60.90383657947084
United States,Utah,49,2021,all,all,46712.0,733414.0,63.69117578884505
United States,Vermont,50,2021,all,all,5384.0,119962.0,44.88087894499925
United States,Virginia,51,2021,all,all,95825.0,1688028.0,56.76742328918714
United States,Washington,53,2021,all,all,83911.0,1540650.0,54.46467400123325
United States,West Virginia,54,2021,all,all,17198.0,314151.0,54.74437452053312
United States,Wisconsin,55,2021,all,all,61781.0,1108122.0,55.75288641503372
United States,Wyoming,56,2021,all,all,6237.0,108025.0,57.736635038185604
