clan_id,surname,origin_country,founder_resources,branches_created,total_births,living_members,peak_living_members,extinct,dominant_occupation,political_share,medical_share,precarious_share
1,赵,CHN,13.6453,2,6,1,8,0,routine,0.0,0.0,0.0
2,钱,CHN,48.8297,7,10,6,10,0,skilled,0.0,0.0,0.0
3,孙,CHN,49.088,1,4,0,6,1,none,0.0,0.0,0.0
4,李,CHN,167.2322,1,3,0,5,1,none,0.0,0.0,0.0
5,周,CHN,64.5938,4,7,3,9,0,routine,0.0,0.0,0.0
6,吴,CHN,55.2985,8,14,10,12,0,routine,0.0,0.11111,0.11111
7,郑,CHN,23.1462,3,4,0,6,1,none,0.0,0.0,0.0
8,王,CHN,95.4829,2,5,0,6,1,none,0.0,0.0,0.0
9,冯,CHN,335.5914,2,5,0,7,1,none,0.0,0.0,0.0
10,陈,CHN,81.7451,7,11,7,8,0,dependent,0.0,0.0,0.0
11,褚,CHN,27.7606,5,10,5,11,0,routine,0.0,0.0,0.2
12,卫,CHN,264.7339,2,5,1,6,0,routine,0.0,0.0,0.0
13,蒋,CHN,261.2811,7,10,8,9,0,precarious,0.0,0.0,0.28571
14,沈,CHN,73.563,1,3,0,5,1,none,0.0,0.0,0.0
15,韩,CHN,166.1948,1,1,0,3,1,none,0.0,0.0,0.0
16,杨,CHN,87.2726,2,4,0,6,1,none,0.0,0.0,0.0
17,朱,CHN,49.836,5,11,6,10,0,routine,0.0,0.0,0.0
18,秦,CHN,131.9846,1,1,0,3,1,none,0.0,0.0,0.0
19,尤,CHN,366.4786,11,15,9,12,0,routine,0.0,0.0,0.125
20,许,CHN,16.6027,5,8,3,10,0,precarious,0.0,0.0,0.66667
21,何,CHN,26.4111,3,5,2,7,0,unemployed,0.0,0.0,0.0
22,吕,CHN,134.6289,7,14,10,13,0,public_service,0.0,0.0,0.125
23,施,CHN,160.8629,1,4,0,6,1,none,0.0,0.0,0.0
24,张,CHN,351.177,6,12,5,10,0,routine,0.0,0.0,0.2
25,孔,CHN,133.9199,7,12,6,11,0,precarious,0.0,0.0,0.33333
26,曹,CHN,40.4425,4,7,1,9,0,dependent,0.0,0.0,0.0
27,严,CHN,79.1829,2,3,2,5,0,skilled,0.0,0.0,0.0
28,华,CHN,191.2983,10,17,10,17,0,skilled,0.0,0.0,0.1
29,金,CHN,65.2317,5,8,3,9,0,routine,0.0,0.0,0.0
30,魏,CHN,45.1443,3,6,2,7,0,skilled,0.0,0.0,0.0
31,陶,CHN,112.2324,8,15,11,15,0,precarious,0.0,0.0,0.36364
32,姜,CHN,146.5281,10,14,7,13,0,skilled,0.0,0.14286,0.14286
33,戚,CHN,164.83,1,3,0,5,1,none,0.0,0.0,0.0
34,谢,CHN,90.7138,14,24,15,22,0,routine,0.0,0.0,0.0
35,邹,CHN,180.8246,2,6,1,8,0,routine,0.0,0.0,0.0
36,喻,CHN,380.3419,1,4,0,6,1,none,0.0,0.0,0.0
37,柏,CHN,82.6164,5,10,5,11,0,soe_worker,0.0,0.0,0.0
38,水,CHN,127.5735,1,3,0,4,1,none,0.0,0.0,0.0
39,窦,CHN,50.1268,7,10,6,9,0,routine,0.0,0.25,0.0
40,章,CHN,93.478,3,6,3,6,0,routine,0.0,0.0,0.0
41,云,CHN,115.3201,11,24,17,20,0,routine,0.0,0.0,0.14286
42,苏,CHN,30.1511,2,6,1,8,0,public_service,0.0,0.0,0.0
43,潘,CHN,37.6549,2,3,1,5,0,skilled,0.0,0.0,0.0
44,葛,CHN,286.0666,10,20,15,18,0,routine,0.0,0.0,0.0
45,奚,CHN,148.7966,7,12,8,10,0,routine,0.0,0.0,0.16667
46,范,CHN,59.4344,2,5,0,7,1,none,0.0,0.0,0.0
47,彭,CHN,77.2011,5,12,8,10,0,skilled,0.0,0.0,0.16667
48,郎,CHN,68.8641,6,10,7,10,0,routine,0.0,0.0,0.0
49,鲁,CHN,304.1952,6,14,8,12,0,routine,0.0,0.0,0.16667
50,韦,CHN,151.1356,2,3,0,5,1,none,0.0,0.0,0.0
51,昌,CHN,52.7667,4,9,4,10,0,precarious,0.0,0.0,0.25
52,马,CHN,67.3548,10,16,11,14,0,routine,0.0,0.0,0.2
53,苗,CHN,12.0107,2,3,0,5,1,none,0.0,0.0,0.0
54,凤,CHN,8.8103,7,9,5,10,0,dependent,0.0,0.0,0.0
55,花,CHN,24.7685,2,4,1,4,0,soe_worker,0.0,0.0,0.0
56,方,CHN,19.7065,7,13,6,14,0,routine,0.0,0.0,0.16667
57,俞,CHN,151.7045,2,2,1,4,0,professional,0.0,0.0,0.0
58,任,CHN,175.4394,1,3,0,5,1,none,0.0,0.0,0.0
59,袁,CHN,85.3764,3,5,1,7,0,routine,0.0,0.0,0.0
60,柳,CHN,10.642,1,4,0,6,1,none,0.0,0.0,0.0
61,唐,CHN,270.2363,11,18,11,16,0,routine,0.0,0.0,0.1
62,罗,CHN,14.7495,2,3,0,5,1,none,0.0,0.0,0.0
63,薛,CHN,12.6714,15,26,21,21,0,skilled,0.0,0.0,0.14286
64,雷,CHN,16.0924,6,11,8,11,0,skilled,0.0,0.0,0.0
65,贺,CHN,11.6729,2,5,0,7,1,none,0.0,0.0,0.0
66,倪,CHN,30.3342,2,5,0,6,1,none,0.0,0.0,0.0
67,汤,CHN,51.1293,7,9,4,11,0,precarious,0.0,0.0,0.5
68,滕,CHN,30.2665,9,13,10,11,0,routine,0.0,0.0,0.3
69,殷,CHN,196.2217,2,5,1,7,0,unemployed,0.0,0.0,0.0
70,毕,CHN,56.3238,1,0,0,2,1,none,0.0,0.0,0.0
71,郝,CHN,17.9194,9,15,11,15,0,routine,0.09091,0.0,0.18182
72,邬,CHN,32.1776,4,7,2,9,0,skilled,0.0,0.0,0.0
73,安,CHN,138.9306,8,17,16,16,0,soe_worker,0.0,0.0,0.0
74,常,CHN,147.2553,5,10,6,9,0,skilled,0.0,0.0,0.2
75,乐,CHN,95.0264,3,6,3,8,0,routine,0.0,0.0,0.0
76,于,CHN,57.6077,10,19,13,16,0,soe_worker,0.0,0.08333,0.08333
77,时,CHN,265.7357,2,4,0,6,1,none,0.0,0.0,0.0
78,傅,CHN,67.6766,8,13,9,12,0,precarious,0.0,0.0,0.28571
79,皮,CHN,205.2445,13,20,18,18,0,routine,0.0,0.0,0.125
80,卞,CHN,27.2567,1,0,0,2,1,none,0.0,0.0,0.0
81,齐,CHN,180.7558,7,12,9,9,0,routine,0.0,0.0,0.11111
82,康,CHN,6.5558,8,11,8,8,0,routine,0.0,0.0,0.0
83,伍,CHN,134.0441,12,22,17,18,0,routine,0.0,0.0,0.1875
84,余,CHN,32.6483,2,4,0,6,1,none,0.0,0.0,0.0
85,元,CHN,90.6264,8,19,13,13,0,routine,0.0,0.0,0.1
86,卜,CHN,37.4485,2,3,0,5,1,none,0.0,0.0,0.0
87,顾,CHN,29.9826,2,4,2,5,0,unemployed,0.0,0.0,0.0
88,孟,CHN,150.053,3,4,2,5,0,routine,0.0,0.0,0.0
89,平,CHN,34.3984,11,18,11,18,0,skilled,0.0,0.0,0.18182
90,黄,CHN,85.6607,3,5,1,7,0,unemployed,0.0,0.0,0.0
91,和,CHN,161.0618,9,17,11,15,0,soe_worker,0.0,0.0,0.1
92,穆,CHN,19.5252,4,7,4,9,0,routine,0.0,0.0,0.0
93,萧,CHN,86.0843,6,10,7,8,0,skilled,0.0,0.0,0.0
94,尹,CHN,59.8121,3,5,1,7,0,dependent,0.0,0.0,0.0
95,姚,CHN,79.0573,5,10,5,10,0,professional,0.2,0.0,0.0
96,邵,CHN,199.9569,1,2,0,4,1,none,0.0,0.0,0.0
97,湛,CHN,155.8392,1,3,0,5,1,none,0.0,0.0,0.0
98,汪,CHN,22.6072,8,13,10,11,0,soe_worker,0.0,0.0,0.0
99,祁,CHN,182.3673,2,3,1,5,0,routine,0.0,0.0,0.0
100,毛,CHN,167.7968,5,7,1,9,0,routine,0.0,0.0,0.0
101,禹,CHN,37.4598,7,10,7,8,0,routine,0.0,0.0,0.0
102,狄,CHN,160.438,1,3,0,5,1,none,0.0,0.0,0.0
103,米,CHN,30.7837,1,2,0,4,1,none,0.0,0.0,0.0
104,贝,CHN,180.6052,10,23,13,24,0,skilled,0.0,0.0,0.15385
105,明,CHN,376.1127,13,25,19,21,0,skilled,0.0,0.0,0.0
106,臧,CHN,170.573,1,3,0,5,1,none,0.0,0.0,0.0
107,计,CHN,58.1236,4,7,3,8,0,business,0.0,0.0,0.0
108,伏,CHN,28.2608,2,3,0,5,1,none,0.0,0.0,0.0
109,成,CHN,44.4151,2,6,1,7,0,routine,0.0,0.0,0.0
110,戴,CHN,85.7024,2,4,1,6,0,soe_worker,0.0,0.0,0.0
111,谈,CHN,51.5977,2,4,1,6,0,routine,0.0,0.0,0.0
112,宋,CHN,95.0271,1,1,0,3,1,none,0.0,0.0,0.0
113,茅,CHN,181.6824,3,7,2,9,0,skilled,0.0,0.0,0.0
114,庞,CHN,82.6113,3,8,3,10,0,soe_worker,0.0,0.0,0.0
115,熊,CHN,40.3331,4,13,5,11,0,soe_worker,0.0,0.0,0.25
116,纪,CHN,229.6511,1,3,0,5,1,none,0.0,0.0,0.0
117,舒,CHN,50.123,2,3,0,4,1,none,0.0,0.0,0.0
118,屈,CHN,186.8835,2,4,1,6,0,skilled,0.0,0.0,0.0
119,项,CHN,62.9716,6,11,8,10,0,dependent,0.0,0.0,0.0
120,祝,CHN,90.6229,7,15,10,14,0,routine,0.0,0.0,0.0
121,董,CHN,52.5547,4,9,5,9,0,routine,0.0,0.2,0.0
122,梁,CHN,29.3366,3,5,1,7,0,routine,0.0,0.0,0.0
123,杜,CHN,86.3246,8,16,9,14,0,routine,0.0,0.11111,0.0
124,阮,CHN,43.4515,6,9,6,8,0,routine,0.0,0.0,0.16667
125,蓝,CHN,188.163,10,15,9,11,0,professional,0.0,0.0,0.16667
126,闵,CHN,59.3657,5,10,4,10,0,routine,0.25,0.0,0.0
127,席,CHN,471.8285,6,10,8,10,0,skilled,0.0,0.0,0.0
128,季,CHN,325.2776,3,8,2,10,0,skilled,0.0,0.0,0.0
129,麻,CHN,15.8689,1,2,0,3,1,none,0.0,0.0,0.0
130,强,CHN,53.7115,3,5,3,7,0,precarious,0.0,0.0,0.66667
131,贾,CHN,209.1747,3,5,3,7,0,dependent,0.0,0.0,0.0
132,路,CHN,50.1465,5,10,6,10,0,soe_worker,0.0,0.0,0.0
133,娄,CHN,125.5691,2,4,1,6,0,professional,0.0,0.0,0.0
134,危,CHN,89.1341,2,5,1,7,0,skilled,0.0,0.0,0.0
135,江,CHN,47.6584,2,4,1,6,0,routine,0.0,0.0,0.0
136,童,CHN,118.5487,14,23,19,22,0,routine,0.0,0.0,0.05556
137,颜,CHN,27.3715,2,3,1,5,0,routine,0.0,0.0,0.0
138,郭,CHN,39.3064,4,9,5,9,0,routine,0.0,0.0,0.0
139,梅,CHN,248.1863,1,2,0,4,1,none,0.0,0.0,0.0
140,盛,CHN,54.6841,5,7,2,9,0,soe_worker,0.0,0.0,0.0
141,林,CHN,190.015,5,9,4,11,0,routine,0.0,0.0,0.0
142,刁,CHN,246.9641,7,10,8,9,0,soe_worker,0.0,0.0,0.0
143,钟,CHN,119.0753,6,12,5,13,0,dependent,0.2,0.0,0.0
144,徐,CHN,54.1764,3,8,2,10,0,professional,0.0,0.0,0.0
145,邱,CHN,53.932,4,7,2,9,0,precarious,0.0,0.0,0.5
146,骆,CHN,39.7554,8,14,9,14,0,soe_worker,0.11111,0.0,0.11111
147,高,CHN,81.79,1,4,0,6,1,none,0.0,0.0,0.0
148,夏,CHN,88.4292,3,5,3,7,0,soe_worker,0.0,0.0,0.0
149,蔡,CHN,25.6081,3,4,1,6,0,routine,0.0,0.0,0.0
150,田,CHN,125.9666,4,6,2,8,0,soe_worker,0.0,0.0,0.0
151,樊,CHN,21.4017,5,8,1,9,0,skilled,0.0,0.0,0.0
152,胡,CHN,66.8921,6,10,3,10,0,routine,0.0,0.0,0.0
153,凌,CHN,41.1365,2,5,2,7,0,precarious,0.0,0.0,1.0
154,霍,CHN,67.7085,1,1,0,3,1,none,0.0,0.0,0.0
155,虞,CHN,129.4318,14,23,17,19,0,routine,0.06667,0.0,0.06667
156,万,CHN,61.8127,9,10,6,10,0,dependent,0.0,0.0,0.0
157,支,CHN,85.8538,1,2,0,4,1,none,0.0,0.0,0.0
158,柯,CHN,198.8938,1,2,0,4,1,none,0.0,0.0,0.0
159,管,CHN,685.9797,1,3,0,5,1,none,0.0,0.0,0.0
160,卢,CHN,43.5698,2,5,1,7,0,skilled,0.0,0.0,0.0
161,莫,CHN,34.5073,8,14,12,13,0,soe_worker,0.0,0.0,0.0
162,经,CHN,179.1907,1,3,0,5,1,none,0.0,0.0,0.0
163,房,CHN,308.737,3,6,2,7,0,routine,0.0,0.0,0.0
164,裘,CHN,11.3438,1,4,0,6,1,none,0.0,0.0,0.0
165,缪,CHN,149.6236,7,12,8,10,0,precarious,0.0,0.0,0.5
166,干,CHN,142.1629,2,3,1,5,0,routine,0.0,0.0,0.0
167,解,CHN,132.1977,1,1,0,3,1,none,0.0,0.0,0.0
168,应,CHN,33.5144,5,8,7,9,0,soe_worker,0.0,0.0,0.0
169,宗,CHN,296.3397,4,7,2,9,0,dependent,0.0,0.0,0.0
170,丁,CHN,377.6065,1,3,0,5,1,none,0.0,0.0,0.0
171,宣,CHN,132.2639,3,9,4,10,0,skilled,0.0,0.0,0.0
172,贲,CHN,61.3658,5,8,2,9,0,dependent,0.0,0.0,0.0
173,邓,CHN,61.7665,4,4,1,6,0,routine,0.0,0.0,0.0
174,郁,CHN,56.4071,3,5,0,6,1,none,0.0,0.0,0.0
175,单,CHN,81.0344,5,9,4,9,0,skilled,0.0,0.0,0.25
176,杭,CHN,144.6652,1,4,0,6,1,none,0.0,0.0,0.0
177,洪,CHN,314.1455,2,3,1,5,0,professional,0.0,0.0,0.0
178,包,CHN,29.001,1,4,0,6,1,none,0.0,0.0,0.0
179,诸,CHN,97.4284,3,7,3,8,0,routine,0.0,0.0,0.33333
180,左,CHN,62.1454,2,4,0,6,1,none,0.0,0.0,0.0
181,石,CHN,38.5061,1,3,0,5,1,none,0.0,0.0,0.0
182,崔,CHN,48.444,1,1,0,3,1,none,0.0,0.0,0.0
183,吉,CHN,107.1294,3,4,0,6,1,none,0.0,0.0,0.0
184,龚,CHN,18.0304,2,3,1,5,0,public_service,0.0,0.0,0.0
185,程,CHN,125.0018,4,8,3,9,0,routine,0.0,0.0,0.0
186,嵇,CHN,29.1586,5,8,6,7,0,dependent,0.0,0.0,0.0
187,邢,CHN,22.7583,4,7,3,8,0,precarious,0.0,0.0,0.33333
188,滑,CHN,91.7724,8,14,8,14,0,routine,0.125,0.0,0.125
189,裴,CHN,100.401,11,18,15,16,0,precarious,0.0,0.0,0.25
190,陆,CHN,506.5473,2,6,2,8,0,public_service,0.0,0.0,0.0
191,荣,CHN,84.5133,1,4,0,6,1,none,0.0,0.0,0.0
192,翁,CHN,77.8862,3,6,2,8,0,professional,0.0,0.0,0.0
193,荀,CHN,38.7614,3,6,3,8,0,business,0.0,0.0,0.0
194,羊,CHN,39.77,10,14,10,14,0,routine,0.0,0.0,0.1
195,於,CHN,29.352,6,9,5,9,0,skilled,0.0,0.0,0.25
196,惠,CHN,113.7425,2,5,0,7,1,none,0.0,0.0,0.0
197,甄,CHN,33.4335,8,14,7,14,0,soe_worker,0.0,0.0,0.0
198,曲,CHN,79.6404,2,4,1,6,0,skilled,0.0,0.0,0.0
199,家,CHN,87.9447,10,15,13,13,0,soe_worker,0.0,0.0,0.0
200,封,CHN,85.3938,3,5,1,7,0,precarious,0.0,0.0,1.0
201,芮,CHN,21.3523,2,7,2,9,0,precarious,0.0,0.0,0.5
202,羿,CHN,316.8351,2,4,0,6,1,none,0.0,0.0,0.0
203,储,CHN,219.1562,3,7,4,7,0,skilled,0.0,0.0,0.25
204,靳,CHN,307.2621,4,9,4,10,0,skilled,0.0,0.0,0.0
205,汲,CHN,52.9529,2,3,0,5,1,none,0.0,0.0,0.0
206,邴,CHN,59.1878,4,7,2,9,0,soe_worker,0.0,0.0,0.5
207,糜,CHN,32.9516,1,3,0,5,1,none,0.0,0.0,0.0
208,松,CHN,23.5357,4,5,1,7,0,routine,0.0,0.0,0.0
209,井,CHN,208.7198,3,5,2,7,0,skilled,0.0,0.0,0.0
210,段,CHN,69.8332,3,3,1,5,0,dependent,0.0,0.0,0.0
211,富,CHN,47.0001,10,14,12,13,0,precarious,0.0,0.0,0.33333
212,巫,CHN,12.918,7,11,3,11,0,routine,0.0,0.0,0.0
213,乌,CHN,60.9806,16,27,22,22,0,dependent,0.0,0.0,0.0
214,焦,CHN,84.3611,13,20,15,15,0,precarious,0.0,0.0,0.30769
215,巴,CHN,45.3576,1,4,0,6,1,none,0.0,0.0,0.0
216,弓,CHN,66.8496,10,17,12,16,0,routine,0.0,0.0,0.0
217,牧,CHN,138.2814,2,4,1,6,0,soe_manager,0.0,0.0,0.0
218,隗,CHN,50.8483,2,6,1,8,0,routine,0.0,0.0,0.0
219,山,CHN,188.7823,2,4,1,5,0,routine,0.0,0.0,0.0
220,谷,CHN,57.5991,3,4,0,5,1,none,0.0,0.0,0.0
221,车,CHN,89.3782,16,27,18,20,0,skilled,0.0,0.0,0.0625
222,侯,CHN,109.2358,19,40,33,33,0,soe_worker,0.03704,0.07407,0.11111
223,宓,CHN,71.1363,4,5,2,6,0,routine,0.0,0.0,0.0
224,蓬,CHN,183.3359,1,3,0,5,1,none,0.0,0.0,0.0
225,全,CHN,102.0694,1,2,0,4,1,none,0.0,0.0,0.0
226,郗,CHN,58.4102,3,5,1,7,0,routine,0.0,0.0,0.0
227,班,CHN,60.6956,2,6,2,7,0,routine,0.0,0.0,0.5
228,仰,CHN,117.8543,4,7,4,8,0,routine,0.0,0.0,0.0
229,秋,CHN,145.8556,3,5,2,7,0,soe_worker,0.0,0.0,0.0
230,仲,CHN,75.0104,2,1,0,3,1,none,0.0,0.0,0.0
231,伊,CHN,16.8318,3,6,1,8,0,dependent,0.0,0.0,0.0
232,宫,CHN,30.1728,9,16,11,14,0,soe_worker,0.0,0.0,0.09091
233,宁,CHN,139.96,1,3,0,5,1,none,0.0,0.0,0.0
234,仇,CHN,31.5527,3,4,0,6,1,none,0.0,0.0,0.0
235,栾,CHN,74.7876,17,31,23,23,0,routine,0.0,0.0,0.21429
236,暴,CHN,189.7734,2,4,0,6,1,none,0.0,0.0,0.0
237,甘,CHN,217.5881,6,11,8,10,0,skilled,0.0,0.0,0.14286
238,钭,CHN,281.5604,4,5,0,7,1,none,0.0,0.0,0.0
239,厉,CHN,19.2143,6,11,6,10,0,routine,0.0,0.0,0.16667
240,戎,CHN,58.2699,5,8,1,10,0,precarious,0.0,0.0,1.0
241,祖,CHN,37.5651,6,9,5,7,0,routine,0.0,0.0,0.0
242,武,CHN,91.0726,3,6,2,8,0,civil_service,0.0,0.0,0.0
243,符,CHN,216.4429,4,8,3,9,0,professional,0.0,0.0,0.0
244,刘,CHN,157.2155,4,6,2,8,0,routine,0.0,0.0,0.0
245,景,CHN,15.2808,2,4,0,6,1,none,0.0,0.0,0.0
246,詹,CHN,67.9732,12,20,14,18,0,routine,0.0,0.0,0.23077
247,束,CHN,67.7923,3,6,2,8,0,precarious,0.0,0.0,0.5
248,龙,CHN,80.3351,5,12,8,11,0,precarious,0.0,0.0,0.375
249,叶,CHN,63.9252,3,4,1,6,0,precarious,0.0,0.0,1.0
250,幸,CHN,82.8438,8,12,7,12,0,skilled,0.0,0.0,0.16667
251,司,CHN,153.6265,7,9,8,9,0,skilled,0.0,0.0,0.125
252,韶,CHN,132.0931,3,5,0,7,1,none,0.0,0.0,0.0
253,郜,CHN,20.6848,8,13,8,11,0,precarious,0.0,0.0,0.33333
254,黎,CHN,46.9427,17,28,20,26,0,precarious,0.14286,0.0,0.21429
255,蓟,CHN,56.7114,3,5,1,7,0,routine,0.0,0.0,0.0
256,华族256,CHN,83.6519,2,4,1,6,0,precarious,0.0,0.0,1.0
257,华族257,CHN,40.4249,1,3,0,5,1,none,0.0,0.0,0.0
258,华族258,CHN,392.3435,1,3,0,5,1,none,0.0,0.0,0.0
259,华族259,CHN,301.5092,10,20,17,17,0,skilled,0.0,0.0,0.06667
260,华族260,CHN,139.6568,4,10,4,11,0,unemployed,0.0,0.0,0.0
261,华族261,CHN,50.5241,4,6,2,8,0,routine,0.0,0.0,0.0
262,华族262,CHN,102.0175,8,17,14,16,0,routine,0.0,0.07692,0.07692
263,华族263,CHN,128.4971,2,6,1,7,0,precarious,0.0,0.0,1.0
264,华族264,CHN,93.2122,2,5,0,7,1,none,0.0,0.0,0.0
265,华族265,CHN,81.5733,2,3,1,5,0,precarious,0.0,0.0,1.0
266,华族266,CHN,79.0613,2,5,0,6,1,none,0.0,0.0,0.0
267,华族267,CHN,77.4899,5,9,5,8,0,routine,0.0,0.0,0.2
268,华族268,CHN,149.5861,2,3,1,5,0,precarious,0.0,0.0,1.0
269,华族269,CHN,37.8927,1,1,1,3,0,unemployed,0.0,0.0,0.0
270,华族270,CHN,154.1463,8,13,9,12,0,skilled,0.0,0.0,0.0
271,华族271,CHN,109.5488,8,12,8,11,0,routine,0.0,0.0,0.25
272,华族272,CHN,155.213,2,4,0,6,1,none,0.0,0.0,0.0
273,华族273,CHN,240.4975,1,1,0,3,1,none,0.0,0.0,0.0
274,华族274,CHN,194.1406,7,13,9,11,0,soe_worker,0.0,0.0,0.0
275,华族275,CHN,23.8708,2,3,1,5,0,routine,0.0,0.0,0.0
276,华族276,CHN,79.442,1,0,0,2,1,none,0.0,0.0,0.0
277,华族277,CHN,35.7202,1,1,0,3,1,none,0.0,0.0,0.0
278,华族278,CHN,189.2529,2,5,1,6,0,public_service,0.0,0.0,0.0
279,华族279,CHN,113.0642,5,9,5,7,0,routine,0.0,0.0,0.0
280,华族280,CHN,18.1137,1,0,0,2,1,none,0.0,0.0,0.0
281,华族281,CHN,140.1441,5,9,6,11,0,routine,0.0,0.0,0.16667
282,华族282,CHN,131.2966,4,8,3,10,0,public_service,0.0,0.0,0.0
283,华族283,CHN,31.7719,5,8,4,8,0,soe_worker,0.25,0.0,0.0
284,华族284,CHN,144.3026,1,4,0,5,1,none,0.0,0.0,0.0
285,华族285,CHN,175.9437,3,5,0,7,1,none,0.0,0.0,0.0
286,华族286,CHN,71.6169,10,19,13,17,0,skilled,0.0,0.0,0.0
287,华族287,CHN,177.7279,2,4,1,6,0,skilled,0.0,0.0,0.0
288,华族288,CHN,102.232,2,2,1,4,0,precarious,0.0,0.0,1.0
289,华族289,CHN,89.5683,9,15,11,13,0,routine,0.0,0.0,0.2
290,华族290,CHN,47.1368,2,3,0,5,1,none,0.0,0.0,0.0
291,华族291,CHN,40.8814,3,6,2,8,0,dependent,0.0,0.0,0.5
292,华族292,CHN,69.5851,3,4,2,6,0,routine,0.0,0.0,0.0
293,华族293,CHN,79.9034,4,7,3,8,0,dependent,0.0,0.0,0.0
294,华族294,CHN,54.6522,6,12,9,12,0,routine,0.0,0.0,0.11111
295,华族295,CHN,29.349,7,12,8,11,0,soe_worker,0.0,0.0,0.0
296,华族296,CHN,72.2961,4,5,3,7,0,routine,0.0,0.0,0.33333
297,华族297,CHN,36.5022,12,19,11,14,0,skilled,0.0,0.0,0.0
298,华族298,CHN,175.1526,5,10,6,11,0,routine,0.0,0.0,0.0
299,华族299,CHN,51.4481,3,6,2,8,0,routine,0.0,0.0,0.0
300,华族300,CHN,81.6836,4,7,3,7,0,political,0.33333,0.0,0.33333
301,IND-族001,IND,12.8422,1,5,0,7,1,none,0.0,0.0,0.0
302,IND-族002,IND,63.8055,10,22,16,21,0,routine,0.0,0.0,0.0
303,IND-族003,IND,27.5598,8,15,8,16,0,routine,0.0,0.0,0.25
304,IND-族004,IND,86.7085,25,58,47,50,0,routine,0.02439,0.0,0.17073
305,IND-族005,IND,205.9472,10,24,18,19,0,routine,0.0,0.0,0.13333
306,IND-族006,IND,23.347,1,3,0,5,1,none,0.0,0.0,0.0
307,IND-族007,IND,238.5975,17,37,28,31,0,routine,0.0,0.0,0.125
308,IND-族008,IND,147.1964,25,50,38,39,0,routine,0.0,0.0,0.13333
309,IND-族009,IND,140.1612,13,32,27,27,0,routine,0.0,0.0,0.13636
310,IND-族010,IND,144.1825,11,22,16,19,0,skilled,0.0,0.0,0.25
311,IND-族011,IND,41.745,3,7,1,9,0,public_service,0.0,0.0,0.0
312,IND-族012,IND,27.1971,5,10,5,9,0,routine,0.0,0.0,0.0
313,IND-族013,IND,37.785,20,47,40,40,0,skilled,0.02941,0.0,0.14706
314,IND-族014,IND,10.6928,2,3,0,5,1,none,0.0,0.0,0.0
315,IND-族015,IND,163.0229,9,23,16,18,0,routine,0.0,0.0,0.0
316,IND-族016,IND,252.9231,7,16,12,14,0,routine,0.0,0.0,0.0
317,IND-族017,IND,27.5032,3,6,3,8,0,skilled,0.0,0.0,0.0
318,IND-族018,IND,41.987,6,15,11,12,0,routine,0.0,0.0,0.11111
319,IND-族019,IND,77.7135,16,35,32,32,0,skilled,0.0,0.0,0.04545
320,IND-族020,IND,67.2408,8,22,15,20,0,routine,0.0,0.0,0.13333
321,IND-族021,IND,151.4118,3,8,2,10,0,routine,0.0,0.0,0.0
322,IND-族022,IND,182.0299,8,15,9,14,0,precarious,0.0,0.0,0.25
323,IND-族023,IND,82.8616,10,24,17,20,0,unemployed,0.06667,0.0,0.13333
324,IND-族024,IND,123.2662,9,22,15,15,0,routine,0.2,0.0,0.1
325,IND-族025,IND,74.5236,10,16,14,14,0,precarious,0.0,0.0,0.36364
326,IND-族026,IND,10.8128,2,3,0,5,1,none,0.0,0.0,0.0
327,IND-族027,IND,30.1591,1,1,0,3,1,none,0.0,0.0,0.0
328,IND-族028,IND,330.6902,5,15,8,13,0,routine,0.0,0.0,0.0
329,IND-族029,IND,86.5814,12,26,17,22,0,routine,0.0,0.0,0.06667
330,IND-族030,IND,35.4003,6,17,9,17,0,routine,0.0,0.0,0.11111
331,IND-族031,IND,81.966,10,17,8,17,0,routine,0.0,0.0,0.25
332,IND-族032,IND,46.7218,23,53,44,44,0,routine,0.0,0.0,0.0303
333,IND-族033,IND,267.4417,12,22,14,21,0,routine,0.07143,0.0,0.14286
334,IND-族034,IND,33.126,1,5,0,7,1,none,0.0,0.0,0.0
335,IND-族035,IND,30.8002,8,16,10,15,0,routine,0.0,0.0,0.125
336,IND-族036,IND,388.7537,14,34,26,28,0,skilled,0.0,0.0,0.1
337,IND-族037,IND,206.3344,23,47,41,44,0,skilled,0.0,0.0,0.10811
338,IND-族038,IND,47.8198,2,2,0,3,1,none,0.0,0.0,0.0
339,IND-族039,IND,84.6301,9,16,12,12,0,precarious,0.0,0.0,0.55556
340,IND-族040,IND,145.5495,2,4,0,6,1,none,0.0,0.0,0.0
341,IND-族041,IND,69.8924,3,10,5,11,0,soe_worker,0.0,0.0,0.2
342,IND-族042,IND,99.0498,5,12,6,11,0,professional,0.0,0.0,0.0
343,IND-族043,IND,91.8359,14,31,23,25,0,routine,0.0,0.0,0.0
344,IND-族044,IND,82.4636,8,20,17,17,0,routine,0.0,0.0,0.0
345,IND-族045,IND,84.4379,9,22,17,17,0,soe_worker,0.0,0.07692,0.07692
346,IND-族046,IND,132.4651,5,9,7,10,0,skilled,0.0,0.0,0.14286
347,IND-族047,IND,36.4998,1,5,0,7,1,none,0.0,0.0,0.0
348,IND-族048,IND,24.4216,4,10,6,12,0,skilled,0.0,0.0,0.0
349,IND-族049,IND,62.1299,3,6,2,8,0,dependent,0.0,0.0,0.0
350,IND-族050,IND,36.6799,1,4,1,6,0,skilled,0.0,0.0,0.0
351,IND-族051,IND,11.5187,13,30,22,23,0,routine,0.0,0.0,0.05263
352,IND-族052,IND,36.1721,11,24,17,25,0,routine,0.0,0.0,0.0
353,IND-族053,IND,38.3031,8,13,6,14,0,unemployed,0.16667,0.0,0.16667
354,IND-族054,IND,64.18,4,14,9,14,0,routine,0.0,0.0,0.0
355,IND-族055,IND,134.0767,13,26,21,21,0,routine,0.0,0.0,0.05882
356,IND-族056,IND,124.6615,14,32,25,28,0,routine,0.0,0.0,0.16
357,IND-族057,IND,109.658,3,11,5,13,0,precarious,0.0,0.0,0.4
358,IND-族058,IND,170.3018,5,16,8,17,0,skilled,0.0,0.0,0.0
359,IND-族059,IND,76.8359,21,48,42,43,0,routine,0.02857,0.0,0.2
360,IND-族060,IND,37.1396,12,27,19,20,0,skilled,0.05882,0.0,0.11765
361,IND-族061,IND,17.129,4,9,5,9,0,routine,0.0,0.0,0.0
362,IND-族062,IND,18.8323,3,6,4,7,0,precarious,0.0,0.0,0.5
363,IND-族063,IND,35.1607,13,21,14,17,0,routine,0.0,0.0,0.16667
364,IND-族064,IND,127.9304,20,40,30,32,0,precarious,0.0,0.0,0.28571
365,IND-族065,IND,89.5702,4,5,3,7,0,precarious,0.0,0.0,0.66667
366,IND-族066,IND,268.3122,12,21,14,18,0,skilled,0.0,0.0,0.21429
367,IND-族067,IND,18.6922,8,20,12,18,0,routine,0.0,0.0,0.16667
368,IND-族068,IND,48.7868,8,17,13,16,0,routine,0.0,0.0,0.07692
369,IND-族069,IND,40.6969,1,2,0,4,1,none,0.0,0.0,0.0
370,IND-族070,IND,222.6886,4,5,2,7,0,precarious,0.0,0.0,0.5
371,IND-族071,IND,148.6477,10,22,17,18,0,skilled,0.0,0.0,0.125
372,IND-族072,IND,62.8665,4,10,2,11,0,routine,0.0,0.0,0.0
373,IND-族073,IND,205.2311,16,32,23,25,0,routine,0.05,0.0,0.1
374,IND-族074,IND,45.7443,7,14,8,13,0,routine,0.0,0.0,0.0
375,IND-族075,IND,44.5247,2,4,2,6,0,routine,0.0,0.0,0.0
376,IND-族076,IND,33.6249,1,3,0,5,1,none,0.0,0.0,0.0
377,IND-族077,IND,31.6181,12,24,18,20,0,routine,0.0,0.0,0.13333
378,IND-族078,IND,32.0887,1,2,0,3,1,none,0.0,0.0,0.0
379,IND-族079,IND,86.7891,1,2,0,4,1,none,0.0,0.0,0.0
380,IND-族080,IND,184.5365,7,16,9,13,0,skilled,0.0,0.0,0.125
381,IND-族081,IND,263.632,12,26,16,20,0,skilled,0.0,0.0,0.07692
382,IND-族082,IND,14.902,8,21,12,16,0,routine,0.0,0.0,0.09091
383,IND-族083,IND,20.8995,1,6,0,8,1,none,0.0,0.0,0.0
384,IND-族084,IND,131.4349,17,31,20,26,0,routine,0.0,0.0,0.1875
385,IND-族085,IND,460.2963,4,10,6,10,0,soe_manager,0.0,0.0,0.16667
386,IND-族086,IND,52.4274,3,3,1,5,0,unemployed,0.0,0.0,0.0
387,IND-族087,IND,29.6668,1,2,0,4,1,none,0.0,0.0,0.0
388,IND-族088,IND,48.9159,13,32,25,26,0,skilled,0.0,0.0,0.09524
389,IND-族089,IND,68.7181,6,17,11,15,0,routine,0.1,0.0,0.3
390,IND-族090,IND,328.8935,9,25,19,22,0,routine,0.0,0.0,0.1875
391,IND-族091,IND,79.7171,9,24,13,21,0,soe_worker,0.0,0.0,0.18182
392,IND-族092,IND,40.2366,2,6,1,8,0,routine,0.0,0.0,0.0
393,IND-族093,IND,40.4699,9,19,9,20,0,skilled,0.0,0.0,0.11111
394,IND-族094,IND,78.0837,1,5,0,7,1,none,0.0,0.0,0.0
395,IND-族095,IND,7.1357,2,4,0,6,1,none,0.0,0.0,0.0
396,IND-族096,IND,53.652,1,1,0,3,1,none,0.0,0.0,0.0
397,IND-族097,IND,69.6958,11,19,15,15,0,routine,0.0,0.0,0.08333
398,IND-族098,IND,119.9921,3,7,4,8,0,routine,0.0,0.0,0.0
399,IND-族099,IND,10.0515,2,5,1,7,0,dependent,0.0,0.0,0.0
400,IND-族100,IND,59.897,3,8,3,10,0,skilled,0.0,0.0,0.0
401,IND-族101,IND,30.1137,1,4,0,6,1,none,0.0,0.0,0.0
402,IND-族102,IND,16.4947,4,12,6,13,0,routine,0.0,0.0,0.16667
403,IND-族103,IND,72.9747,17,39,32,32,0,skilled,0.0,0.0,0.11111
404,IND-族104,IND,18.6818,8,9,7,10,0,routine,0.14286,0.0,0.0
405,IND-族105,IND,59.2694,5,12,3,13,0,skilled,0.0,0.0,0.0
406,IND-族106,IND,354.1253,2,5,2,6,0,dependent,0.0,0.0,0.0
407,IND-族107,IND,88.7443,5,11,4,12,0,skilled,0.0,0.0,0.0
408,IND-族108,IND,72.9654,6,10,5,12,0,dependent,0.0,0.0,0.0
409,IND-族109,IND,36.148,4,5,3,7,0,routine,0.0,0.0,0.0
410,IND-族110,IND,66.9546,1,1,0,3,1,none,0.0,0.0,0.0
411,IND-族111,IND,15.804,13,27,16,22,0,routine,0.0,0.0,0.14286
412,IND-族112,IND,19.2239,18,37,28,28,0,routine,0.0,0.0,0.14286
413,IND-族113,IND,8.1311,2,4,0,6,1,none,0.0,0.0,0.0
414,IND-族114,IND,42.1636,26,60,49,49,0,routine,0.0,0.0,0.10526
415,IND-族115,IND,63.6152,2,8,1,9,0,unemployed,0.0,0.0,0.0
416,IND-族116,IND,24.1934,4,8,4,10,0,dependent,0.0,0.0,0.25
417,IND-族117,IND,42.7502,15,31,23,23,0,skilled,0.05556,0.0,0.0
418,IND-族118,IND,60.083,11,22,16,18,0,routine,0.0,0.0,0.14286
419,IND-族119,IND,67.456,16,33,24,27,0,skilled,0.04348,0.04348,0.13043
420,IND-族120,IND,50.5912,1,2,0,4,1,none,0.0,0.0,0.0
421,IND-族121,IND,43.7064,6,10,5,11,0,precarious,0.0,0.0,0.4
422,IND-族122,IND,80.0128,9,21,17,21,0,unemployed,0.0,0.0,0.23529
423,IND-族123,IND,86.2905,9,23,17,20,0,routine,0.07143,0.0,0.14286
424,IND-族124,IND,159.4171,6,17,11,16,0,routine,0.0,0.0,0.1
425,IND-族125,IND,67.2367,1,5,0,7,1,none,0.0,0.0,0.0
426,IND-族126,IND,47.566,6,12,7,13,0,soe_worker,0.0,0.0,0.14286
427,IND-族127,IND,337.2604,11,29,20,24,0,routine,0.0,0.0,0.05556
428,IND-族128,IND,83.3592,12,31,26,28,0,skilled,0.04545,0.0,0.04545
429,IND-族129,IND,176.7918,1,2,0,4,1,none,0.0,0.0,0.0
430,IND-族130,IND,47.177,12,29,20,23,0,precarious,0.0,0.05882,0.23529
431,IND-族131,IND,30.7211,1,3,1,5,0,public_service,0.0,0.0,0.0
432,IND-族132,IND,86.3496,12,36,28,31,0,skilled,0.0,0.0,0.2
433,IND-族133,IND,35.1977,13,31,27,27,0,skilled,0.0,0.0,0.09091
434,IND-族134,IND,38.4358,10,24,17,19,0,skilled,0.0,0.0,0.06667
435,IND-族135,IND,102.3102,2,6,0,8,1,none,0.0,0.0,0.0
436,IND-族136,IND,805.0394,24,57,47,51,0,routine,0.0,0.0,0.04762
437,IND-族137,IND,40.8,18,34,26,26,0,routine,0.0,0.0,0.11111
438,IND-族138,IND,57.7317,6,14,10,11,0,dependent,0.0,0.0,0.0
439,IND-族139,IND,13.325,5,13,9,15,0,skilled,0.0,0.0,0.11111
440,IND-族140,IND,47.784,1,3,0,5,1,none,0.0,0.0,0.0
441,IND-族141,IND,80.6973,5,13,9,10,0,soe_worker,0.0,0.0,0.0
442,IND-族142,IND,217.3265,3,7,4,7,0,precarious,0.0,0.0,0.25
443,IND-族143,IND,145.05,8,14,10,11,0,routine,0.0,0.0,0.22222
444,IND-族144,IND,86.5772,1,0,0,2,1,none,0.0,0.0,0.0
445,IND-族145,IND,34.9548,5,9,3,9,0,skilled,0.0,0.0,0.0
446,IND-族146,IND,317.4559,21,43,33,36,0,routine,0.0,0.0,0.10714
447,IND-族147,IND,30.9405,9,19,14,16,0,routine,0.0,0.0,0.15385
448,IND-族148,IND,64.4903,22,52,43,43,0,skilled,0.03125,0.0,0.03125
449,IND-族149,IND,124.7901,1,2,0,4,1,none,0.0,0.0,0.0
450,IND-族150,IND,306.4037,21,44,38,40,0,routine,0.0,0.03226,0.16129
451,IND-族151,IND,8.711,2,4,1,6,0,routine,0.0,0.0,0.0
452,IND-族152,IND,162.447,11,25,18,18,0,routine,0.0,0.0,0.16667
453,IND-族153,IND,77.3528,11,28,19,27,0,routine,0.0,0.0,0.27778
454,IND-族154,IND,81.3017,5,13,5,15,0,soe_manager,0.0,0.0,0.0
455,IND-族155,IND,106.5447,32,64,52,55,0,routine,0.0,0.02222,0.28889
456,IND-族156,IND,290.8184,2,8,2,10,0,precarious,0.0,0.0,1.0
457,IND-族157,IND,187.6193,2,3,0,5,1,none,0.0,0.0,0.0
458,IND-族158,IND,63.834,1,2,0,4,1,none,0.0,0.0,0.0
459,IND-族159,IND,540.6892,1,4,0,6,1,none,0.0,0.0,0.0
460,IND-族160,IND,34.3115,4,7,3,8,0,routine,0.0,0.0,0.0
461,IND-族161,IND,51.9378,4,8,3,10,0,routine,0.0,0.0,0.0
462,IND-族162,IND,98.8305,3,9,4,10,0,precarious,0.0,0.0,0.5
463,IND-族163,IND,23.1319,8,15,12,13,0,soe_worker,0.0,0.0,0.18182
464,IND-族164,IND,127.7688,10,25,17,19,0,routine,0.09091,0.0,0.09091
465,IND-族165,IND,221.3919,1,4,0,6,1,none,0.0,0.0,0.0
466,IND-族166,IND,125.4188,15,38,28,31,0,routine,0.0,0.0,0.13043
467,IND-族167,IND,294.2736,2,7,3,9,0,skilled,0.0,0.0,0.0
468,IND-族168,IND,119.729,15,27,20,23,0,routine,0.0,0.0,0.11111
469,IND-族169,IND,52.3526,4,7,2,9,0,routine,0.0,0.0,0.0
470,IND-族170,IND,18.3108,1,4,2,6,0,routine,0.0,0.0,0.0
471,IND-族171,IND,47.411,8,21,15,19,0,routine,0.0,0.0,0.2
472,IND-族172,IND,40.786,3,11,6,12,0,routine,0.0,0.0,0.0
473,IND-族173,IND,43.4015,2,4,0,6,1,none,0.0,0.0,0.0
474,IND-族174,IND,127.605,8,20,12,18,0,routine,0.0,0.0,0.18182
475,IND-族175,IND,391.2718,8,19,12,14,0,skilled,0.0,0.0,0.0
476,IND-族176,IND,43.7935,1,2,0,4,1,none,0.0,0.0,0.0
477,IND-族177,IND,58.2982,4,14,5,15,0,routine,0.0,0.0,0.0
478,IND-族178,IND,61.5482,9,23,17,19,0,precarious,0.0,0.0,0.35714
479,IND-族179,IND,143.1136,9,14,9,12,0,routine,0.0,0.0,0.28571
480,IND-族180,IND,82.4432,16,28,23,23,0,skilled,0.0,0.0,0.05263
481,IND-族181,IND,29.6162,7,18,13,14,0,routine,0.1,0.0,0.1
482,IND-族182,IND,16.8737,1,2,0,4,1,none,0.0,0.0,0.0
483,IND-族183,IND,14.0193,11,21,15,17,0,skilled,0.0,0.0,0.08333
484,IND-族184,IND,111.4602,4,12,4,13,0,public_service,0.0,0.0,0.0
485,IND-族185,IND,25.563,14,28,20,22,0,routine,0.0,0.0625,0.125
486,IND-族186,IND,156.9041,4,14,5,14,0,routine,0.0,0.0,0.2
487,IND-族187,IND,104.592,13,19,14,17,0,soe_worker,0.0,0.07692,0.07692
488,IND-族188,IND,53.6465,23,48,40,41,0,routine,0.0,0.0,0.0303
489,IND-族189,IND,104.1319,10,21,13,17,0,routine,0.0,0.0,0.0
490,IND-族190,IND,52.8238,1,4,0,6,1,none,0.0,0.0,0.0
491,IND-族191,IND,78.7281,13,28,22,24,0,precarious,0.0,0.0,0.23529
492,IND-族192,IND,138.672,14,34,21,27,0,routine,0.0,0.0,0.1
493,IND-族193,IND,46.3569,2,7,1,9,0,political,1.0,0.0,0.0
494,IND-族194,IND,40.3634,1,3,1,5,0,skilled,0.0,0.0,0.0
495,IND-族195,IND,90.9904,18,33,26,29,0,skilled,0.0,0.03846,0.19231
496,IND-族196,IND,20.3625,3,7,3,9,0,dependent,0.0,0.0,0.33333
497,IND-族197,IND,19.9872,2,7,1,8,0,routine,0.0,0.0,0.0
498,IND-族198,IND,65.3746,10,25,18,22,0,precarious,0.0,0.0,0.33333
499,IND-族199,IND,142.0858,1,0,0,2,1,none,0.0,0.0,0.0
500,IND-族200,IND,34.3131,9,20,12,19,0,precarious,0.0,0.0,0.27273
501,IND-族201,IND,73.0068,7,13,10,10,0,routine,0.0,0.0,0.14286
502,IND-族202,IND,166.8181,1,1,0,3,1,none,0.0,0.0,0.0
503,IND-族203,IND,86.1586,13,30,24,27,0,routine,0.05,0.0,0.05
504,IND-族204,IND,40.7468,2,3,0,5,1,none,0.0,0.0,0.0
505,IND-族205,IND,70.9106,7,16,8,17,0,routine,0.0,0.0,0.0
506,IND-族206,IND,74.8401,17,43,38,38,0,dependent,0.03846,0.0,0.19231
507,IND-族207,IND,82.6313,16,34,28,28,0,routine,0.04545,0.0,0.13636
508,IND-族208,IND,64.8205,1,4,2,6,0,routine,0.0,0.0,0.0
509,IND-族209,IND,94.6103,16,39,36,36,0,precarious,0.0,0.0,0.21875
510,IND-族210,IND,81.1109,8,17,11,16,0,routine,0.0,0.0,0.09091
511,IND-族211,IND,46.1511,1,1,0,3,1,none,0.0,0.0,0.0
512,IND-族212,IND,29.0603,2,5,1,7,0,skilled,0.0,0.0,0.0
513,IND-族213,IND,288.978,12,33,23,26,0,skilled,0.0,0.0,0.21053
514,IND-族214,IND,267.038,22,48,40,40,0,routine,0.03226,0.0,0.06452
515,IND-族215,IND,144.0629,39,75,64,65,0,routine,0.0,0.0,0.22222
516,IND-族216,IND,21.5458,5,12,6,12,0,routine,0.0,0.0,0.16667
517,IND-族217,IND,153.3724,7,16,10,14,0,precarious,0.0,0.0,0.44444
518,IND-族218,IND,141.1961,13,32,22,26,0,routine,0.0,0.0,0.05263
519,IND-族219,IND,98.3465,10,24,13,23,0,dependent,0.08333,0.0,0.0
520,IND-族220,IND,222.0932,26,60,47,47,0,routine,0.0,0.02703,0.13514
521,IND-族221,IND,17.5476,3,7,2,8,0,routine,0.0,0.0,0.0
522,IND-族222,IND,83.7678,1,2,0,4,1,none,0.0,0.0,0.0
523,IND-族223,IND,60.1565,5,9,5,11,0,precarious,0.0,0.0,0.4
524,IND-族224,IND,110.0345,11,24,17,22,0,routine,0.06667,0.0,0.06667
525,IND-族225,IND,32.4811,11,27,19,22,0,routine,0.0,0.0,0.05882
526,IND-族226,IND,177.8606,8,16,12,13,0,routine,0.0,0.0,0.0
527,IND-族227,IND,57.7862,8,18,13,14,0,skilled,0.0,0.0,0.0
528,IND-族228,IND,15.5728,19,39,32,32,0,routine,0.0,0.0,0.03846
529,IND-族229,IND,113.2793,12,23,16,17,0,dependent,0.0,0.0,0.16667
530,IND-族230,IND,114.7308,6,11,7,10,0,skilled,0.0,0.0,0.0
531,IND-族231,IND,76.6422,5,10,5,8,0,routine,0.0,0.0,0.0
532,IND-族232,IND,50.1598,1,1,0,3,1,none,0.0,0.0,0.0
533,IND-族233,IND,71.2476,7,20,14,16,0,routine,0.1,0.0,0.1
534,IND-族234,IND,35.075,7,17,11,14,0,routine,0.0,0.0,0.22222
535,IND-族235,IND,24.5169,7,17,12,16,0,routine,0.0,0.0,0.25
536,IND-族236,IND,63.6542,9,18,11,16,0,routine,0.0,0.0,0.0
537,IND-族237,IND,118.4471,12,23,17,19,0,routine,0.0,0.0,0.05882
538,IND-族238,IND,51.01,4,13,8,14,0,routine,0.0,0.0,0.25
539,IND-族239,IND,247.3224,1,4,0,6,1,none,0.0,0.0,0.0
540,IND-族240,IND,61.8811,3,7,1,9,0,skilled,0.0,0.0,0.0
541,IND-族241,IND,69.6379,6,15,7,16,0,routine,0.0,0.0,0.0
542,IND-族242,IND,57.4643,1,3,1,5,0,routine,0.0,0.0,0.0
543,IND-族243,IND,45.9072,1,4,0,6,1,none,0.0,0.0,0.0
544,IND-族244,IND,48.0793,1,3,0,5,1,none,0.0,0.0,0.0
545,IND-族245,IND,68.3175,6,14,11,12,0,routine,0.0,0.0,0.11111
546,IND-族246,IND,40.0907,5,13,4,15,0,skilled,0.0,0.0,0.25
547,IND-族247,IND,54.208,5,11,4,13,0,routine,0.0,0.0,0.25
548,IND-族248,IND,17.9409,15,30,22,24,0,skilled,0.0,0.0,0.10526
549,IND-族249,IND,43.9351,6,14,10,15,0,precarious,0.0,0.0,0.3
550,IND-族250,IND,54.7142,13,28,20,23,0,routine,0.0,0.0,0.16667
551,IND-族251,IND,26.4804,1,4,0,6,1,none,0.0,0.0,0.0
552,IND-族252,IND,17.5287,10,25,19,22,0,precarious,0.0,0.0,0.29412
553,IND-族253,IND,40.1047,2,4,1,5,0,civil_service,0.0,0.0,0.0
554,IND-族254,IND,109.7218,4,12,8,14,0,skilled,0.0,0.0,0.125
555,IND-族255,IND,35.9876,9,18,14,17,0,routine,0.0,0.0,0.07692
556,IND-族256,IND,102.4232,3,10,4,11,0,routine,0.0,0.0,0.5
557,IND-族257,IND,75.8648,13,27,16,21,0,unemployed,0.0,0.0,0.16667
558,IND-族258,IND,107.0775,1,3,0,5,1,none,0.0,0.0,0.0
559,IND-族259,IND,203.4962,3,10,2,10,0,dependent,0.0,0.0,0.0
560,IND-族260,IND,227.4987,15,36,32,32,0,routine,0.0,0.0,0.03704
561,IND-族261,IND,277.7964,7,17,11,17,0,precarious,0.0,0.0,0.27273
562,IND-族262,IND,43.1012,10,24,17,19,0,soe_worker,0.0,0.0,0.15385
563,IND-族263,IND,62.1987,14,25,22,22,0,routine,0.0,0.0,0.11765
564,IND-族264,IND,59.142,10,22,15,16,0,dependent,0.0,0.0,0.09091
565,IND-族265,IND,50.0025,16,26,21,22,0,skilled,0.05,0.0,0.15
566,IND-族266,IND,37.7943,2,7,2,9,0,routine,0.0,0.0,0.0
567,IND-族267,IND,92.1812,5,10,5,10,0,routine,0.0,0.0,0.0
568,IND-族268,IND,86.7838,20,41,32,34,0,routine,0.0,0.0,0.22222
569,IND-族269,IND,102.8268,9,20,17,17,0,routine,0.06667,0.0,0.13333
570,IND-族270,IND,127.5587,6,15,11,13,0,skilled,0.0,0.0,0.1
571,IND-族271,IND,95.868,20,42,32,35,0,routine,0.0,0.0,0.10345
572,IND-族272,IND,129.5017,19,47,37,37,0,routine,0.0,0.0,0.04
573,IND-族273,IND,65.7721,5,15,5,16,0,dependent,0.0,0.0,0.0
574,IND-族274,IND,330.2447,4,12,6,13,0,routine,0.0,0.0,0.16667
575,IND-族275,IND,149.2177,15,30,23,25,0,skilled,0.0,0.0,0.11111
576,IND-族276,IND,36.3562,7,13,8,12,0,routine,0.0,0.0,0.0
577,IND-族277,IND,62.5527,3,7,2,9,0,precarious,0.0,0.0,0.5
578,IND-族278,IND,76.6914,7,21,13,17,0,routine,0.0,0.0,0.07692
579,IND-族279,IND,160.5832,13,30,20,22,0,skilled,0.0,0.0,0.13333
580,IND-族280,IND,119.9826,1,2,0,4,1,none,0.0,0.0,0.0
581,IND-族281,IND,83.8663,7,12,5,13,0,routine,0.0,0.0,0.0
582,IND-族282,IND,11.9426,1,1,0,3,1,none,0.0,0.0,0.0
583,IND-族283,IND,103.5634,7,18,15,16,0,routine,0.07143,0.0,0.14286
584,IND-族284,IND,119.8333,3,8,3,9,0,routine,0.0,0.0,0.0
585,IND-族285,IND,175.9222,15,33,25,29,0,soe_worker,0.0,0.0,0.08696
586,IND-族286,IND,25.9235,6,9,2,8,0,routine,0.0,0.0,0.0
587,IND-族287,IND,15.8329,6,16,10,14,0,routine,0.0,0.0,0.1
588,IND-族288,IND,57.7898,10,22,18,18,0,routine,0.06667,0.0,0.13333
589,IND-族289,IND,121.1078,16,37,27,30,0,skilled,0.04545,0.0,0.18182
590,IND-族290,IND,52.964,1,4,0,6,1,none,0.0,0.0,0.0
591,IND-族291,IND,99.6858,3,6,4,6,0,routine,0.0,0.0,0.25
592,IND-族292,IND,39.7083,19,49,40,40,0,routine,0.0,0.02857,0.14286
593,IND-族293,IND,188.6231,12,27,18,24,0,precarious,0.0625,0.0,0.1875
594,IND-族294,IND,9.2494,2,3,1,5,0,professional,0.0,0.0,0.0
595,IND-族295,IND,170.2211,6,18,12,15,0,soe_worker,0.0,0.0,0.16667
596,IND-族296,IND,91.8942,3,4,2,5,0,skilled,0.0,0.0,0.0
597,IND-族297,IND,108.5654,1,2,0,4,1,none,0.0,0.0,0.0
598,IND-族298,IND,55.1936,24,46,36,38,0,routine,0.0,0.0,0.19355
599,IND-族299,IND,66.4817,2,3,2,5,0,routine,0.0,0.0,0.0
600,IND-族300,IND,61.2294,29,60,53,55,0,routine,0.0,0.0,0.06122
601,JPN-族001,JPN,112.4215,2,2,0,4,1,none,0.0,0.0,0.0
602,JPN-族002,JPN,144.4146,4,3,2,5,0,routine,0.0,0.0,0.5
603,JPN-族003,JPN,112.78,1,0,0,2,1,none,0.0,0.0,0.0
604,JPN-族004,JPN,164.1396,1,1,0,3,1,none,0.0,0.0,0.0
605,JPN-族005,JPN,22.9773,2,2,0,4,1,none,0.0,0.0,0.0
606,JPN-族006,JPN,130.2338,1,1,0,3,1,none,0.0,0.0,0.0
607,JPN-族007,JPN,168.9658,2,2,1,4,0,professional,0.0,0.0,0.0
608,JPN-族008,JPN,656.2088,1,2,0,4,1,none,0.0,0.0,0.0
609,JPN-族009,JPN,1180.4169,2,3,0,5,1,none,0.0,0.0,0.0
610,JPN-族010,JPN,97.7713,1,1,0,3,1,none,0.0,0.0,0.0
611,JPN-族011,JPN,358.6488,1,0,0,2,1,none,0.0,0.0,0.0
612,JPN-族012,JPN,323.0362,1,2,0,4,1,none,0.0,0.0,0.0
613,JPN-族013,JPN,158.3273,1,0,0,2,1,none,0.0,0.0,0.0
614,JPN-族014,JPN,105.1725,2,4,2,6,0,professional,0.0,0.0,0.5
615,JPN-族015,JPN,37.1605,1,2,1,4,0,professional,0.0,0.0,0.0
616,JPN-族016,JPN,342.2394,2,3,1,5,0,public_service,0.0,0.0,0.0
617,JPN-族017,JPN,56.0582,2,4,2,6,0,routine,0.0,0.0,0.0
618,JPN-族018,JPN,131.2249,2,2,0,3,1,none,0.0,0.0,0.0
619,JPN-族019,JPN,256.2182,3,3,1,5,0,precarious,0.0,0.0,1.0
620,JPN-族020,JPN,472.7557,1,0,0,2,1,none,0.0,0.0,0.0
621,JPN-族021,JPN,94.6623,1,0,0,2,1,none,0.0,0.0,0.0
622,JPN-族022,JPN,420.3729,1,2,1,4,0,soe_worker,0.0,0.0,0.0
623,JPN-族023,JPN,154.703,1,1,0,3,1,none,0.0,0.0,0.0
624,JPN-族024,JPN,73.4936,3,4,2,6,0,routine,0.0,0.0,0.5
625,JPN-族025,JPN,39.6426,3,5,3,7,0,unemployed,0.0,0.0,0.0
626,JPN-族026,JPN,135.8107,1,1,0,3,1,none,0.0,0.0,0.0
627,JPN-族027,JPN,27.3167,1,0,0,2,1,none,0.0,0.0,0.0
628,JPN-族028,JPN,297.1943,5,5,2,6,0,professional,0.0,0.0,0.0
629,JPN-族029,JPN,308.3734,1,2,0,4,1,none,0.0,0.0,0.0
630,JPN-族030,JPN,555.0179,3,3,1,5,0,professional,0.0,0.0,0.0
631,JPN-族031,JPN,585.6545,1,1,0,3,1,none,0.0,0.0,0.0
632,JPN-族032,JPN,217.0922,4,7,2,9,0,precarious,0.0,0.0,0.5
633,JPN-族033,JPN,42.6095,1,2,0,4,1,none,0.0,0.0,0.0
634,JPN-族034,JPN,105.1585,4,4,1,6,0,soe_manager,0.0,0.0,0.0
635,JPN-族035,JPN,57.7503,1,0,0,2,1,none,0.0,0.0,0.0
636,JPN-族036,JPN,108.4224,4,4,3,5,0,public_service,0.0,0.0,0.0
637,JPN-族037,JPN,100.7023,1,0,0,2,1,none,0.0,0.0,0.0
638,JPN-族038,JPN,165.6522,1,1,0,3,1,none,0.0,0.0,0.0
639,JPN-族039,JPN,76.5936,3,2,0,4,1,none,0.0,0.0,0.0
640,JPN-族040,JPN,81.9699,1,1,0,3,1,none,0.0,0.0,0.0
641,JPN-族041,JPN,158.8046,1,1,0,3,1,none,0.0,0.0,0.0
642,JPN-族042,JPN,424.8202,4,4,1,6,0,skilled,0.0,0.0,0.0
643,JPN-族043,JPN,163.3814,1,0,0,2,1,none,0.0,0.0,0.0
644,JPN-族044,JPN,212.4971,1,1,0,3,1,none,0.0,0.0,0.0
645,JPN-族045,JPN,114.3774,9,15,13,16,0,precarious,0.0,0.0,0.30769
646,JPN-族046,JPN,117.2172,2,2,0,4,1,none,0.0,0.0,0.0
647,JPN-族047,JPN,255.5943,4,6,3,8,0,dependent,0.0,0.0,0.0
648,JPN-族048,JPN,175.7702,1,0,0,2,1,none,0.0,0.0,0.0
649,JPN-族049,JPN,53.7541,5,6,3,8,0,precarious,0.0,0.0,0.33333
650,JPN-族050,JPN,531.2852,1,0,0,2,1,none,0.0,0.0,0.0
651,JPN-族051,JPN,219.8171,3,7,1,8,0,precarious,0.0,0.0,1.0
652,JPN-族052,JPN,881.872,3,4,2,6,0,dependent,0.0,0.0,0.0
653,JPN-族053,JPN,91.1484,2,1,0,3,1,none,0.0,0.0,0.0
654,JPN-族054,JPN,128.8238,2,1,0,3,1,none,0.0,0.0,0.0
655,JPN-族055,JPN,329.2655,1,1,0,2,1,none,0.0,0.0,0.0
656,JPN-族056,JPN,198.7178,3,2,1,4,0,medical,0.0,1.0,0.0
657,JPN-族057,JPN,105.5505,3,3,0,5,1,none,0.0,0.0,0.0
658,JPN-族058,JPN,20.7988,2,3,1,5,0,routine,0.0,0.0,0.0
659,JPN-族059,JPN,475.3664,3,3,2,5,0,skilled,0.0,0.0,0.0
660,JPN-族060,JPN,460.5841,2,1,0,3,1,none,0.0,0.0,0.0
661,JPN-族061,JPN,173.523,2,2,1,4,0,medical,0.0,1.0,0.0
662,JPN-族062,JPN,75.3226,2,2,2,4,0,skilled,0.0,0.0,0.0
663,JPN-族063,JPN,568.9289,1,1,1,3,0,precarious,0.0,0.0,1.0
664,JPN-族064,JPN,180.744,1,1,0,3,1,none,0.0,0.0,0.0
665,JPN-族065,JPN,392.4845,1,1,0,3,1,none,0.0,0.0,0.0
666,JPN-族066,JPN,62.0876,1,0,0,2,1,none,0.0,0.0,0.0
667,JPN-族067,JPN,163.8749,2,1,1,3,0,professional,0.0,0.0,0.0
668,JPN-族068,JPN,230.6424,1,2,0,4,1,none,0.0,0.0,0.0
669,JPN-族069,JPN,47.6754,4,7,5,8,0,soe_worker,0.0,0.0,0.4
670,JPN-族070,JPN,329.6256,1,1,0,3,1,none,0.0,0.0,0.0
671,JPN-族071,JPN,200.7141,7,14,8,10,0,routine,0.0,0.0,0.16667
672,JPN-族072,JPN,306.2805,1,0,0,2,1,none,0.0,0.0,0.0
673,JPN-族073,JPN,140.78,1,1,0,3,1,none,0.0,0.0,0.0
674,JPN-族074,JPN,188.9954,8,8,5,10,0,skilled,0.0,0.0,0.0
675,JPN-族075,JPN,97.003,1,0,0,2,1,none,0.0,0.0,0.0
676,JPN-族076,JPN,166.1312,1,0,0,2,1,none,0.0,0.0,0.0
677,JPN-族077,JPN,397.365,2,1,0,3,1,none,0.0,0.0,0.0
678,JPN-族078,JPN,251.7971,4,6,3,8,0,public_service,0.0,0.0,0.0
679,JPN-族079,JPN,21.5385,2,3,1,5,0,skilled,0.0,0.0,0.0
680,JPN-族080,JPN,101.3177,3,2,1,4,0,routine,0.0,0.0,0.0
681,JPN-族081,JPN,68.4963,2,1,0,3,1,none,0.0,0.0,0.0
682,JPN-族082,JPN,216.9451,1,0,0,2,1,none,0.0,0.0,0.0
683,JPN-族083,JPN,195.1037,4,6,2,7,0,routine,0.0,0.0,0.0
684,JPN-族084,JPN,228.3841,2,3,0,5,1,none,0.0,0.0,0.0
685,JPN-族085,JPN,536.0704,1,1,0,3,1,none,0.0,0.0,0.0
686,JPN-族086,JPN,323.4552,1,0,0,2,1,none,0.0,0.0,0.0
687,JPN-族087,JPN,468.9344,4,5,3,7,0,soe_worker,0.0,0.0,0.0
688,JPN-族088,JPN,86.9934,1,2,0,4,1,none,0.0,0.0,0.0
689,JPN-族089,JPN,139.1599,1,1,0,3,1,none,0.0,0.0,0.0
690,JPN-族090,JPN,128.714,1,1,0,3,1,none,0.0,0.0,0.0
691,JPN-族091,JPN,451.2374,1,1,0,3,1,none,0.0,0.0,0.0
692,JPN-族092,JPN,511.3709,1,2,0,4,1,none,0.0,0.0,0.0
693,JPN-族093,JPN,412.7626,1,1,0,3,1,none,0.0,0.0,0.0
694,JPN-族094,JPN,143.9046,1,1,0,3,1,none,0.0,0.0,0.0
695,JPN-族095,JPN,270.925,10,15,9,16,0,skilled,0.0,0.11111,0.0
696,JPN-族096,JPN,181.6987,3,4,2,6,0,public_service,0.0,0.0,0.0
697,JPN-族097,JPN,75.3628,1,1,0,3,1,none,0.0,0.0,0.0
698,JPN-族098,JPN,346.0104,1,0,0,2,1,none,0.0,0.0,0.0
699,JPN-族099,JPN,124.7783,3,3,0,5,1,none,0.0,0.0,0.0
700,JPN-族100,JPN,51.9748,4,4,3,6,0,professional,0.0,0.0,0.0
701,JPN-族101,JPN,293.2976,1,2,0,4,1,none,0.0,0.0,0.0
702,JPN-族102,JPN,342.2511,1,1,0,3,1,none,0.0,0.0,0.0
703,JPN-族103,JPN,59.9951,1,1,0,3,1,none,0.0,0.0,0.0
704,JPN-族104,JPN,58.452,3,5,2,7,0,professional,0.0,0.0,0.0
705,JPN-族105,JPN,1558.1254,1,1,0,3,1,none,0.0,0.0,0.0
706,JPN-族106,JPN,91.3864,3,2,1,4,0,skilled,0.0,0.0,0.0
707,JPN-族107,JPN,161.233,2,1,0,3,1,none,0.0,0.0,0.0
708,JPN-族108,JPN,178.0566,1,1,0,3,1,none,0.0,0.0,0.0
709,JPN-族109,JPN,450.14,1,2,0,4,1,none,0.0,0.0,0.0
710,JPN-族110,JPN,270.4883,3,4,2,5,0,skilled,0.0,0.0,0.0
711,JPN-族111,JPN,75.4054,3,4,1,6,0,routine,0.0,0.0,0.0
712,JPN-族112,JPN,172.3892,5,7,3,9,0,unemployed,0.0,0.0,0.0
713,JPN-族113,JPN,74.9181,1,1,0,2,1,none,0.0,0.0,0.0
714,JPN-族114,JPN,314.9221,4,5,2,6,0,soe_worker,0.0,0.0,0.0
715,JPN-族115,JPN,90.5074,3,4,2,6,0,professional,0.0,0.0,0.0
716,JPN-族116,JPN,292.8707,2,3,1,5,0,public_service,0.0,0.0,0.0
717,JPN-族117,JPN,479.2165,4,4,1,6,0,routine,0.0,0.0,0.0
718,JPN-族118,JPN,192.792,3,3,1,5,0,dependent,0.0,0.0,0.0
719,JPN-族119,JPN,92.8803,3,4,2,6,0,soe_worker,0.0,0.0,0.0
720,JPN-族120,JPN,404.0293,1,1,0,3,1,none,0.0,0.0,0.0
721,USA-族001,USA,289.4988,1,0,0,2,1,none,0.0,0.0,0.0
722,USA-族002,USA,76.5112,6,8,5,8,0,routine,0.0,0.0,0.0
723,USA-族003,USA,75.9281,2,5,0,7,1,none,0.0,0.0,0.0
724,USA-族004,USA,178.4733,2,3,1,5,0,professional,0.0,0.0,0.0
725,USA-族005,USA,90.1004,1,0,0,2,1,none,0.0,0.0,0.0
726,USA-族006,USA,38.0476,2,3,1,5,0,soe_worker,0.0,0.0,0.0
727,USA-族007,USA,243.7644,2,2,1,4,0,routine,0.0,0.0,0.0
728,USA-族008,USA,57.6973,2,4,2,6,0,unemployed,0.0,0.0,0.0
729,USA-族009,USA,71.4762,5,6,4,7,0,precarious,0.0,0.0,0.5
730,USA-族010,USA,34.7631,1,2,0,4,1,none,0.0,0.0,0.0
731,USA-族011,USA,178.6425,1,0,0,2,1,none,0.0,0.0,0.0
732,USA-族012,USA,62.6788,3,4,2,6,0,dependent,0.0,0.0,0.0
733,USA-族013,USA,246.9092,2,3,0,5,1,none,0.0,0.0,0.0
734,USA-族014,USA,705.3366,1,0,0,2,1,none,0.0,0.0,0.0
735,USA-族015,USA,236.14,1,1,0,3,1,none,0.0,0.0,0.0
736,USA-族016,USA,323.1189,1,1,0,3,1,none,0.0,0.0,0.0
737,USA-族017,USA,38.4624,2,2,2,4,0,civil_service,0.0,0.0,0.0
738,USA-族018,USA,1469.2863,4,3,1,5,0,professional,0.0,0.0,0.0
739,USA-族019,USA,369.2264,1,1,0,3,1,none,0.0,0.0,0.0
740,USA-族020,USA,158.2212,1,2,0,4,1,none,0.0,0.0,0.0
741,USA-族021,USA,56.893,3,5,0,7,1,none,0.0,0.0,0.0
742,USA-族022,USA,399.3183,4,3,1,4,0,public_service,0.0,0.0,0.0
743,USA-族023,USA,95.4012,1,0,0,2,1,none,0.0,0.0,0.0
744,USA-族024,USA,127.2207,1,1,0,3,1,none,0.0,0.0,0.0
745,USA-族025,USA,85.7537,1,2,0,3,1,none,0.0,0.0,0.0
746,USA-族026,USA,98.0838,2,4,2,6,0,skilled,0.0,0.0,0.0
747,USA-族027,USA,58.2948,1,3,0,5,1,none,0.0,0.0,0.0
748,USA-族028,USA,46.1086,1,2,0,4,1,none,0.0,0.0,0.0
749,USA-族029,USA,132.3651,1,0,0,2,1,none,0.0,0.0,0.0
750,USA-族030,USA,99.5096,2,2,0,4,1,none,0.0,0.0,0.0
751,USA-族031,USA,341.3805,1,1,0,3,1,none,0.0,0.0,0.0
752,USA-族032,USA,152.3158,1,1,0,3,1,none,0.0,0.0,0.0
753,USA-族033,USA,194.6382,1,1,0,3,1,none,0.0,0.0,0.0
754,USA-族034,USA,612.1268,3,4,1,6,0,skilled,0.0,0.0,0.0
755,USA-族035,USA,101.8138,3,3,1,5,0,skilled,0.0,0.0,0.0
756,USA-族036,USA,741.9346,1,2,0,4,1,none,0.0,0.0,0.0
757,USA-族037,USA,46.7813,3,4,2,6,0,dependent,0.0,0.0,0.0
758,USA-族038,USA,286.9312,1,1,0,3,1,none,0.0,0.0,0.0
759,USA-族039,USA,648.7857,1,0,0,2,1,none,0.0,0.0,0.0
760,USA-族040,USA,452.4727,1,1,0,3,1,none,0.0,0.0,0.0
761,USA-族041,USA,329.4676,1,1,0,3,1,none,0.0,0.0,0.0
762,USA-族042,USA,226.6044,3,4,1,5,0,skilled,0.0,0.0,0.0
763,USA-族043,USA,257.935,9,13,4,15,0,medical,0.0,0.25,0.0
764,USA-族044,USA,520.0709,1,0,0,2,1,none,0.0,0.0,0.0
765,USA-族045,USA,1110.4606,3,3,0,4,1,none,0.0,0.0,0.0
766,USA-族046,USA,141.5418,3,3,1,5,0,precarious,0.0,0.0,1.0
767,USA-族047,USA,83.324,1,0,0,2,1,none,0.0,0.0,0.0
768,USA-族048,USA,174.1863,3,2,0,4,1,none,0.0,0.0,0.0
769,USA-族049,USA,160.8524,1,2,0,4,1,none,0.0,0.0,0.0
770,USA-族050,USA,292.927,3,3,2,5,0,dependent,0.0,0.0,0.0
771,USA-族051,USA,94.8927,1,1,0,3,1,none,0.0,0.0,0.0
772,USA-族052,USA,484.5294,4,5,2,7,0,routine,0.0,0.0,0.0
773,USA-族053,USA,83.0072,1,1,0,3,1,none,0.0,0.0,0.0
774,USA-族054,USA,481.0454,3,5,1,7,0,routine,0.0,0.0,0.0
775,USA-族055,USA,61.8613,1,1,0,3,1,none,0.0,0.0,0.0
776,USA-族056,USA,51.2875,2,3,0,5,1,none,0.0,0.0,0.0
777,USA-族057,USA,221.7376,6,7,5,7,0,unemployed,0.0,0.0,0.0
778,USA-族058,USA,192.9471,1,1,0,3,1,none,0.0,0.0,0.0
779,USA-族059,USA,848.0717,1,2,0,4,1,none,0.0,0.0,0.0
780,USA-族060,USA,390.7384,3,5,1,5,0,skilled,0.0,0.0,0.0
781,USA-族061,USA,124.7321,4,6,1,7,0,routine,0.0,0.0,0.0
782,USA-族062,USA,39.8333,2,3,1,5,0,business,0.0,0.0,0.0
783,USA-族063,USA,237.6708,4,3,1,5,0,business,0.0,0.0,0.0
784,USA-族064,USA,116.9891,1,1,0,3,1,none,0.0,0.0,0.0
785,USA-族065,USA,81.1526,1,1,0,3,1,none,0.0,0.0,0.0
786,USA-族066,USA,319.4351,1,0,0,2,1,none,0.0,0.0,0.0
787,USA-族067,USA,142.6523,3,6,1,8,0,skilled,0.0,0.0,0.0
788,USA-族068,USA,126.4024,2,3,1,5,0,public_service,0.0,0.0,0.0
789,USA-族069,USA,143.1377,1,0,0,2,1,none,0.0,0.0,0.0
790,USA-族070,USA,210.1266,1,1,0,3,1,none,0.0,0.0,0.0
791,USA-族071,USA,809.5905,1,1,0,3,1,none,0.0,0.0,0.0
792,USA-族072,USA,138.3064,2,4,0,6,1,none,0.0,0.0,0.0
793,USA-族073,USA,239.091,2,1,0,3,1,none,0.0,0.0,0.0
794,USA-族074,USA,55.227,6,8,5,8,0,skilled,0.0,0.0,0.2
795,USA-族075,USA,546.0977,1,0,0,2,1,none,0.0,0.0,0.0
796,USA-族076,USA,290.8472,1,1,0,2,1,none,0.0,0.0,0.0
797,USA-族077,USA,291.4644,5,6,3,8,0,routine,0.0,0.0,0.33333
798,USA-族078,USA,153.938,2,1,0,3,1,none,0.0,0.0,0.0
799,USA-族079,USA,152.8709,3,4,1,5,0,professional,0.0,0.0,0.0
800,USA-族080,USA,75.5539,4,7,3,8,0,precarious,0.0,0.0,0.66667
801,USA-族081,USA,93.5502,3,5,1,6,0,skilled,0.0,0.0,0.0
802,USA-族082,USA,45.1149,2,2,1,4,0,dependent,0.0,0.0,0.0
803,USA-族083,USA,545.4262,1,1,0,3,1,none,0.0,0.0,0.0
804,USA-族084,USA,129.1367,4,5,2,7,0,precarious,0.0,0.0,0.5
805,USA-族085,USA,523.8817,5,5,1,7,0,dependent,0.0,0.0,0.0
806,USA-族086,USA,789.7624,1,0,0,2,1,none,0.0,0.0,0.0
807,USA-族087,USA,327.074,9,12,8,11,0,public_service,0.0,0.0,0.0
808,USA-族088,USA,157.3715,1,3,1,5,0,skilled,0.0,0.0,0.0
809,USA-族089,USA,938.3142,5,5,5,5,0,political,0.2,0.0,0.0
810,USA-族090,USA,262.7146,1,1,0,3,1,none,0.0,0.0,0.0
811,USA-族091,USA,409.505,2,2,0,3,1,none,0.0,0.0,0.0
812,USA-族092,USA,53.4702,10,13,12,12,0,routine,0.0,0.0,0.2
813,USA-族093,USA,239.9726,2,4,0,5,1,none,0.0,0.0,0.0
814,USA-族094,USA,237.1737,3,5,1,7,0,professional,0.0,0.0,0.0
815,USA-族095,USA,510.7747,2,1,0,3,1,none,0.0,0.0,0.0
816,USA-族096,USA,349.2899,3,5,2,6,0,public_service,0.0,0.0,0.0
817,USA-族097,USA,361.0976,1,1,0,3,1,none,0.0,0.0,0.0
818,USA-族098,USA,693.1542,6,7,2,9,0,skilled,0.0,0.0,0.0
819,USA-族099,USA,583.6077,1,1,0,3,1,none,0.0,0.0,0.0
820,USA-族100,USA,234.1416,1,1,0,3,1,none,0.0,0.0,0.0
821,USA-族101,USA,291.2503,5,4,1,6,0,civil_service,0.0,0.0,0.0
822,USA-族102,USA,185.7765,1,0,0,2,1,none,0.0,0.0,0.0
823,USA-族103,USA,76.3302,4,5,3,7,0,routine,0.0,0.0,0.0
824,USA-族104,USA,128.7326,2,3,1,5,0,skilled,0.0,0.0,0.0
825,USA-族105,USA,104.6462,3,3,1,4,0,skilled,0.0,0.0,0.0
826,USA-族106,USA,42.588,4,4,3,4,0,professional,0.0,0.0,0.0
827,USA-族107,USA,82.4932,1,0,0,2,1,none,0.0,0.0,0.0
828,USA-族108,USA,415.5945,1,0,0,2,1,none,0.0,0.0,0.0
829,USA-族109,USA,83.4684,1,2,0,4,1,none,0.0,0.0,0.0
830,USA-族110,USA,320.6073,1,0,0,2,1,none,0.0,0.0,0.0
831,USA-族111,USA,239.4558,3,3,0,5,1,none,0.0,0.0,0.0
832,USA-族112,USA,377.9013,2,1,0,3,1,none,0.0,0.0,0.0
833,USA-族113,USA,90.9211,1,2,0,4,1,none,0.0,0.0,0.0
834,USA-族114,USA,143.641,1,1,0,3,1,none,0.0,0.0,0.0
835,USA-族115,USA,119.2361,1,1,0,3,1,none,0.0,0.0,0.0
836,USA-族116,USA,545.444,1,0,0,2,1,none,0.0,0.0,0.0
837,USA-族117,USA,317.513,2,1,0,3,1,none,0.0,0.0,0.0
838,USA-族118,USA,964.8656,4,3,2,4,0,professional,0.0,0.0,0.0
839,USA-族119,USA,101.3624,2,1,0,3,1,none,0.0,0.0,0.0
840,USA-族120,USA,353.0719,1,1,0,3,1,none,0.0,0.0,0.0
841,USA-族121,USA,108.7281,3,3,2,5,0,dependent,0.0,0.0,0.0
842,USA-族122,USA,55.1424,4,6,2,8,0,professional,0.0,0.0,0.0
843,USA-族123,USA,281.2787,3,6,2,8,0,routine,0.0,0.0,0.0
844,USA-族124,USA,26.6136,2,4,1,6,0,skilled,0.0,0.0,0.0
845,USA-族125,USA,251.6022,1,1,0,3,1,none,0.0,0.0,0.0
846,USA-族126,USA,20.153,2,1,0,3,1,none,0.0,0.0,0.0
847,USA-族127,USA,65.5106,2,2,0,4,1,none,0.0,0.0,0.0
848,USA-族128,USA,259.8673,1,0,0,2,1,none,0.0,0.0,0.0
849,USA-族129,USA,141.5392,1,0,0,2,1,none,0.0,0.0,0.0
850,USA-族130,USA,167.4893,4,4,2,6,0,dependent,0.0,0.0,0.0
851,USA-族131,USA,50.7965,5,7,5,9,0,business,0.0,0.0,0.0
852,USA-族132,USA,559.1399,1,0,0,2,1,none,0.0,0.0,0.0
853,USA-族133,USA,173.8508,1,2,0,4,1,none,0.0,0.0,0.0
854,USA-族134,USA,270.4112,2,2,1,4,0,precarious,0.0,0.0,1.0
855,USA-族135,USA,127.7848,5,5,3,6,0,public_service,0.0,0.0,0.0
856,USA-族136,USA,174.4957,2,1,1,3,0,professional,0.0,0.0,0.0
857,USA-族137,USA,238.474,1,1,0,3,1,none,0.0,0.0,0.0
858,USA-族138,USA,77.7674,4,7,4,9,0,skilled,0.0,0.0,0.0
859,USA-族139,USA,93.1516,2,2,1,4,0,skilled,0.0,0.0,0.0
860,USA-族140,USA,156.2418,1,1,0,3,1,none,0.0,0.0,0.0
861,USA-族141,USA,38.5982,6,8,4,8,0,public_service,0.0,0.0,0.0
862,USA-族142,USA,71.7239,3,4,3,6,0,routine,0.0,0.0,0.0
863,USA-族143,USA,94.1005,3,4,2,6,0,medical,0.0,0.5,0.0
864,USA-族144,USA,352.429,2,2,1,4,0,soe_worker,0.0,0.0,0.0
865,USA-族145,USA,16.0095,6,11,9,11,0,unemployed,0.14286,0.0,0.0
866,USA-族146,USA,275.2409,1,2,0,4,1,none,0.0,0.0,0.0
867,USA-族147,USA,175.0557,1,1,0,3,1,none,0.0,0.0,0.0
868,USA-族148,USA,26.3506,2,6,1,8,0,public_service,0.0,0.0,0.0
869,USA-族149,USA,303.2107,1,1,0,3,1,none,0.0,0.0,0.0
870,USA-族150,USA,409.6507,1,1,0,3,1,none,0.0,0.0,0.0
871,USA-族151,USA,211.2532,1,1,0,3,1,none,0.0,0.0,0.0
872,USA-族152,USA,31.4385,2,2,0,4,1,none,0.0,0.0,0.0
873,USA-族153,USA,191.4558,6,9,7,10,0,routine,0.0,0.14286,0.14286
874,USA-族154,USA,333.82,2,5,1,6,0,soe_worker,0.0,0.0,0.0
875,USA-族155,USA,192.0601,1,2,0,4,1,none,0.0,0.0,0.0
876,USA-族156,USA,32.2008,2,3,0,5,1,none,0.0,0.0,0.0
877,USA-族157,USA,125.7053,2,3,0,4,1,none,0.0,0.0,0.0
878,USA-族158,USA,603.5441,4,5,2,7,0,professional,0.0,0.0,0.0
879,USA-族159,USA,99.8789,2,2,1,4,0,routine,0.0,0.0,0.0
880,USA-族160,USA,548.3863,1,2,0,4,1,none,0.0,0.0,0.0
881,USA-族161,USA,148.0659,1,1,0,3,1,none,0.0,0.0,0.0
882,USA-族162,USA,290.5405,1,0,0,2,1,none,0.0,0.0,0.0
883,USA-族163,USA,177.9279,1,0,0,2,1,none,0.0,0.0,0.0
884,USA-族164,USA,169.1148,1,2,0,4,1,none,0.0,0.0,0.0
885,USA-族165,USA,183.4937,2,2,0,4,1,none,0.0,0.0,0.0
886,USA-族166,USA,109.4247,1,1,0,3,1,none,0.0,0.0,0.0
887,USA-族167,USA,336.943,2,1,0,3,1,none,0.0,0.0,0.0
888,USA-族168,USA,62.0627,4,6,2,8,0,skilled,0.0,0.0,0.0
889,USA-族169,USA,288.4321,2,3,1,5,0,routine,0.0,0.0,0.0
890,USA-族170,USA,363.0681,1,0,0,2,1,none,0.0,0.0,0.0
891,USA-族171,USA,24.3944,1,0,0,2,1,none,0.0,0.0,0.0
892,USA-族172,USA,71.867,8,14,10,14,0,routine,0.0,0.0,0.3
893,USA-族173,USA,182.7331,1,1,0,3,1,none,0.0,0.0,0.0
894,USA-族174,USA,169.1419,2,3,1,5,0,unemployed,0.0,0.0,0.0
895,USA-族175,USA,458.7914,1,0,0,2,1,none,0.0,0.0,0.0
896,USA-族176,USA,120.2293,7,10,6,9,0,routine,0.0,0.0,0.16667
897,USA-族177,USA,152.1277,1,2,0,4,1,none,0.0,0.0,0.0
898,USA-族178,USA,331.4417,1,0,0,2,1,none,0.0,0.0,0.0
899,USA-族179,USA,280.7598,1,0,0,2,1,none,0.0,0.0,0.0
900,USA-族180,USA,228.7572,2,5,0,7,1,none,0.0,0.0,0.0
901,USA-族181,USA,80.4216,2,4,1,6,0,skilled,0.0,0.0,0.0
902,USA-族182,USA,651.9212,1,1,0,3,1,none,0.0,0.0,0.0
903,USA-族183,USA,304.8259,1,1,0,3,1,none,0.0,0.0,0.0
904,USA-族184,USA,141.6406,2,2,1,4,0,dependent,0.0,0.0,0.0
905,USA-族185,USA,336.9528,3,3,1,5,0,professional,0.0,0.0,0.0
906,USA-族186,USA,147.7599,2,2,1,4,0,precarious,0.0,0.0,1.0
907,USA-族187,USA,32.148,1,1,0,3,1,none,0.0,0.0,0.0
908,USA-族188,USA,163.3982,1,1,0,3,1,none,0.0,0.0,0.0
909,USA-族189,USA,188.2246,2,1,0,3,1,none,0.0,0.0,0.0
910,USA-族190,USA,30.3674,1,2,0,4,1,none,0.0,0.0,0.0
911,USA-族191,USA,553.2633,4,6,2,7,0,skilled,0.0,0.0,0.0
912,USA-族192,USA,451.2739,1,1,0,3,1,none,0.0,0.0,0.0
913,USA-族193,USA,201.1643,1,1,0,3,1,none,0.0,0.0,0.0
914,USA-族194,USA,304.229,2,1,0,3,1,none,0.0,0.0,0.0
915,USA-族195,USA,88.2952,2,3,1,5,0,routine,0.0,0.0,0.0
916,USA-族196,USA,217.8345,4,6,2,8,0,routine,0.0,0.0,0.0
917,USA-族197,USA,147.2431,1,1,0,3,1,none,0.0,0.0,0.0
918,USA-族198,USA,385.6172,1,3,0,5,1,none,0.0,0.0,0.0
919,USA-族199,USA,731.7946,2,2,1,4,0,skilled,0.0,0.0,0.0
920,USA-族200,USA,343.5403,3,4,1,6,0,skilled,0.0,0.0,0.0
