year,country,policy,population,households,living_clans,births,deaths,migrants,mean_children_per_completed_family,mean_child_investment,upward_mobility_rate,high_status_share,median_household_resources,bottom_clan_extinction_share
2000,ONE,严格一孩实验,846,300,300,0,0,0,0.0,0.0,0.0,0.03333,82.8299,0.0
2000,TWO,严格二孩实验,967,300,300,0,0,0,0.0,0.0,0.0,0.02,80.6148,0.0
2000,THREE,严格三孩实验,1061,300,300,0,0,0,0.0,0.0,0.0,0.01333,84.6696,0.0
2001,ONE,严格一孩实验,862,300,300,17,1,0,0.0,33.6818,0.0,0.03333,87.5089,0.0
2001,TWO,严格二孩实验,995,300,300,29,1,0,0.0,20.7091,0.0,0.02003,87.4808,0.0
2001,THREE,严格三孩实验,1091,300,300,32,2,0,0.0,19.9196,0.0,0.01333,88.9581,0.0
2002,ONE,严格一孩实验,875,300,300,13,0,0,0.0,34.1283,0.0,0.03333,92.1563,0.0
2002,TWO,严格二孩实验,1018,300,300,23,0,0,0.0,21.1587,0.0,0.02003,90.1495,0.0
2002,THREE,严格三孩实验,1118,300,300,29,2,0,0.0,19.5458,0.0,0.01333,93.9929,0.0
2003,ONE,严格一孩实验,878,300,300,3,0,0,0.0,35.4038,0.0,0.03333,96.5953,0.0
2003,TWO,严格二孩实验,1039,300,300,22,1,0,0.0,21.7043,0.0,0.02003,92.8873,0.0
2003,THREE,严格三孩实验,1141,300,300,25,2,0,0.0,19.6914,0.0,0.01333,98.0083,0.0
2004,ONE,严格一孩实验,882,300,300,4,0,0,0.0,36.2463,0.0,0.03333,100.9954,0.0
2004,TWO,严格二孩实验,1056,300,300,21,4,0,0.0,21.7117,0.0,0.02007,98.0973,0.0
2004,THREE,严格三孩实验,1157,300,300,17,1,0,0.0,19.3144,0.0,0.01333,101.5637,0.0
2005,ONE,严格一孩实验,882,300,300,2,2,0,0.0,37.2648,0.0,0.03333,108.6814,0.0
2005,TWO,严格二孩实验,1073,300,300,18,1,0,0.0,22.2861,0.0,0.02007,102.1989,0.0
2005,THREE,严格三孩实验,1172,300,300,16,1,0,0.0,19.2693,0.0,0.01336,102.9694,0.0
2006,ONE,严格一孩实验,886,301,300,4,0,0,0.0,38.6127,0.0,0.03306,113.7821,0.0
2006,TWO,严格二孩实验,1086,301,300,13,0,0,0.0,22.3163,0.11111,0.01977,106.2468,0.0
2006,THREE,严格三孩实验,1177,303,300,5,0,0,0.0,19.4709,0.08333,0.01309,103.5842,0.0
2007,ONE,严格一孩实验,888,302,300,2,0,0,1.0,39.5057,0.6,0.03443,119.0072,0.0
2007,TWO,严格二孩实验,1091,301,300,6,1,0,1.6,22.9316,0.5,0.02295,110.1597,0.0
2007,THREE,严格三孩实验,1186,304,300,10,1,0,1.7778,19.5915,0.27273,0.01286,106.3404,0.0
2008,ONE,严格一孩实验,889,302,300,2,1,0,0.9487,40.3336,0.16667,0.03409,121.734,0.0
2008,TWO,严格二孩实验,1097,307,300,6,0,0,1.4222,23.4798,0.4,0.0256,113.0634,0.0
2008,THREE,严格三孩实验,1194,306,300,8,0,0,1.8,19.8532,0.5,0.01582,108.0628,0.0
2009,ONE,严格一孩实验,890,304,300,1,0,0,0.9667,41.5367,0.42857,0.03371,125.4113,0.0
2009,TWO,严格二孩实验,1104,311,300,9,2,0,1.5088,23.472,0.5,0.02698,113.7927,0.0
2009,THREE,严格三孩实验,1200,311,300,6,0,0,1.8814,20.166,0.41667,0.01708,107.4563,0.0
2010,ONE,严格一孩实验,892,306,300,3,1,0,0.9506,42.024,0.5,0.03328,128.0682,0.0
2010,TWO,严格二孩实验,1109,316,300,5,0,0,1.5278,23.6937,0.35714,0.02795,117.2849,0.0
2010,THREE,严格三孩实验,1209,317,300,9,0,0,1.8778,20.5717,0.35,0.01807,109.5864,0.0
2011,ONE,严格一孩实验,894,311,300,3,1,0,0.95,42.5795,0.26667,0.03251,132.5761,0.0
2011,TWO,严格二孩实验,1118,323,300,11,2,0,1.5806,24.4143,0.22222,0.02723,116.7302,0.0
2011,THREE,严格三孩实验,1217,322,300,9,1,0,1.8598,20.9177,0.25,0.02059,112.7258,0.0
2012,ONE,严格一孩实验,895,316,300,2,1,0,0.9583,43.0463,0.35714,0.03338,134.5351,0.0
2012,TWO,严格二孩实验,1127,331,300,9,0,0,1.6161,24.8757,0.44444,0.03093,117.2059,0.0
2012,THREE,严格三孩实验,1223,332,300,6,0,0,1.9024,21.2036,0.3,0.02429,114.7239,0.0
2013,ONE,严格一孩实验,896,323,300,2,1,0,0.9627,43.9512,0.125,0.03453,140.6563,0.0
2013,TWO,严格二孩实验,1130,343,300,5,2,0,1.625,25.9869,0.47619,0.03863,118.848,0.0
2013,THREE,严格三孩实验,1233,346,300,11,1,0,1.9173,21.8283,0.4,0.02881,116.0095,0.0
2014,ONE,严格一孩实验,899,331,300,3,0,0,0.962,44.3874,0.29412,0.0366,143.8216,0.0
2014,TWO,严格二孩实验,1142,348,300,12,0,0,1.6169,26.8018,0.22727,0.03745,122.6083,0.0
2014,THREE,严格三孩实验,1240,356,300,7,0,0,1.9408,22.274,0.34375,0.03154,116.2205,0.0
2015,ONE,严格一孩实验,910,337,300,11,0,0,0.9659,44.7918,0.21053,0.03704,150.4802,0.0
2015,TWO,严格二孩实验,1157,355,300,16,1,0,1.6384,27.7255,0.5,0.04424,126.1569,0.0
2015,THREE,严格三孩实验,1255,373,300,15,0,0,1.9883,22.5839,0.31429,0.03141,115.3401,0.0
2016,ONE,严格一孩实验,914,348,300,6,2,0,0.9694,45.8675,0.53846,0.04677,152.8795,0.0
2016,TWO,严格二孩实验,1172,365,300,15,0,0,1.6545,28.6844,0.44444,0.04581,128.7865,0.0
2016,THREE,严格三孩实验,1271,388,300,17,1,0,1.9679,23.5846,0.37209,0.03576,119.8667,0.0
2017,ONE,严格一孩实验,918,355,300,4,0,0,0.9714,45.5939,0.46154,0.05,156.4748,0.0
2017,TWO,严格二孩实验,1179,378,300,9,2,0,1.6842,29.5563,0.38235,0.05276,130.6502,0.0
2017,THREE,严格三孩实验,1281,399,300,11,1,0,1.9778,24.6636,0.2619,0.03636,124.2383,0.0
2018,ONE,严格一孩实验,920,365,300,4,2,0,0.9747,45.6934,0.46667,0.05312,159.7557,0.0
2018,TWO,严格二孩实验,1195,385,300,17,1,0,1.7051,30.8745,0.51724,0.05697,134.004,0.0
2018,THREE,严格三孩实验,1290,414,300,11,2,0,2.0123,26.4597,0.39474,0.03708,123.812,0.0
2019,ONE,严格一孩实验,926,374,300,6,0,0,0.9766,46.538,0.7,0.05433,162.3743,0.0
2019,TWO,严格二孩实验,1211,400,300,16,0,0,1.7132,31.341,0.37931,0.05855,134.9321,0.0
2019,THREE,严格三孩实验,1303,433,300,13,0,0,2.0346,27.4857,0.2963,0.04025,126.0299,0.0
2020,ONE,严格一孩实验,933,379,300,7,0,0,0.9745,47.0486,0.5,0.06148,168.5972,0.0
2020,TWO,严格二孩实验,1224,419,300,15,2,0,1.7246,31.9751,0.43243,0.06187,137.5475,0.0
2020,THREE,严格三孩实验,1333,449,300,31,1,0,2.0429,28.0014,0.47059,0.04299,127.6812,0.0
2021,ONE,严格一孩实验,939,388,300,6,0,0,0.9765,47.7461,0.38889,0.0638,170.3358,0.0
2021,TWO,严格二孩实验,1241,436,300,19,2,0,1.7297,32.133,0.48,0.06353,138.7788,0.0
2021,THREE,严格三孩实验,1353,467,300,22,2,0,2.07,30.1004,0.26667,0.04706,128.4424,0.0
2022,ONE,严格一孩实验,948,398,300,9,0,0,0.9765,47.2559,0.43478,0.07041,176.9398,0.0
2022,TWO,严格二孩实验,1258,450,300,18,1,0,1.7297,31.8548,0.39474,0.06526,141.7952,0.0
2022,THREE,严格三孩实验,1382,483,300,30,1,0,2.07,30.9949,0.40625,0.05228,134.3868,0.0
2023,ONE,严格一孩实验,959,403,300,11,0,0,0.9765,47.7905,0.35294,0.07018,185.2361,0.0
2023,TWO,严格二孩实验,1274,465,300,18,2,0,1.7297,31.9818,0.41379,0.06646,143.4824,0.0
2023,THREE,严格三孩实验,1410,499,300,30,2,0,2.07,31.5648,0.55172,0.05365,137.6302,0.0
2024,ONE,严格一孩实验,965,414,300,7,1,0,0.9765,47.0894,0.38462,0.07258,191.8802,0.0
2024,TWO,严格二孩实验,1290,478,300,18,2,0,1.7297,32.2268,0.56522,0.07107,147.2875,0.0
2024,THREE,严格三孩实验,1431,513,300,22,1,0,2.07,31.4593,0.33333,0.05505,142.5311,0.0
2025,ONE,严格一孩实验,976,422,300,13,2,0,0.9765,47.6297,1.0,0.07488,194.7319,0.0
2025,TWO,严格二孩实验,1310,487,300,22,2,0,1.7297,32.4294,0.57143,0.07262,153.5764,0.0
2025,THREE,严格三孩实验,1454,532,300,24,1,0,2.07,31.2896,0.5,0.0583,145.2297,0.0
2026,ONE,严格一孩实验,983,426,300,7,0,0,0.9765,47.1749,0.5,0.07569,201.6681,0.0
2026,TWO,严格二孩实验,1322,501,300,14,2,0,1.7297,30.436,0.35,0.07329,158.9049,0.0
2026,THREE,严格三孩实验,1480,547,300,27,1,0,2.07,30.7988,0.3125,0.05841,148.2892,0.0
2027,ONE,严格一孩实验,987,430,300,6,2,0,0.9765,47.805,0.0,0.0756,209.34,0.0
2027,TWO,严格二孩实验,1339,522,300,17,0,0,1.7297,29.9761,0.29412,0.074,161.5982,0.0
2027,THREE,严格三孩实验,1499,560,300,19,0,0,2.07,30.1935,0.5,0.06191,152.6531,0.0
2028,ONE,严格一孩实验,996,433,300,10,1,0,0.9765,49.3402,0.5,0.07526,215.167,0.0
2028,TWO,严格二孩实验,1359,535,300,20,0,0,1.7297,30.2552,0.38462,0.07498,164.859,0.0
2028,THREE,严格三孩实验,1521,567,300,22,0,0,2.07,30.8828,0.6,0.0625,159.8535,0.0
2029,ONE,严格一孩实验,997,435,300,2,1,0,0.9767,50.9462,1.0,0.07631,223.7577,0.0
2029,TWO,严格二孩实验,1377,539,300,18,0,0,1.7285,30.6426,0.33333,0.07642,172.1031,0.0
2029,THREE,严格三孩实验,1533,571,300,16,4,0,2.0523,30.9418,0.5,0.06388,167.4064,0.0
2030,ONE,严格一孩实验,1000,435,300,4,1,0,0.9769,52.1152,1.0,0.07631,231.9402,0.0
2030,TWO,严格二孩实验,1400,544,300,23,0,0,1.727,31.8293,0.66667,0.07692,177.6284,0.0
2030,THREE,严格三孩实验,1543,579,300,12,2,0,2.0487,31.4466,0.375,0.06525,173.3905,0.0
2031,ONE,严格一孩实验,1000,436,300,1,1,0,0.977,53.7595,1.0,0.07622,239.8065,0.0
2031,TWO,严格二孩实验,1412,547,300,13,1,0,1.7308,32.3229,0.125,0.07728,184.5016,0.0
2031,THREE,严格三孩实验,1562,581,300,22,3,0,2.0385,32.0946,0.66667,0.06582,178.6195,0.0
2032,ONE,严格一孩实验,999,436,300,0,1,0,0.9773,55.0978,0.5,0.07614,244.7215,0.0
2032,TWO,严格二孩实验,1421,549,300,10,1,0,1.7316,33.6039,0.25,0.07798,188.7666,0.0
2032,THREE,严格三孩实验,1578,587,300,17,1,0,2.028,32.1691,0.11111,0.06622,184.3694,0.0
2033,ONE,严格一孩实验,1000,439,300,1,0,0,0.9776,56.5866,0.0,0.07596,248.8064,0.0
2033,TWO,严格二孩实验,1440,553,300,19,0,0,1.7281,34.4126,0.54545,0.07993,195.8133,0.0
2033,THREE,严格三孩实验,1589,590,300,15,4,0,2.0151,32.2966,0.55556,0.06667,187.8822,0.0
2034,ONE,严格一孩实验,1002,440,300,3,1,0,0.9781,58.4379,0.0,0.07588,250.9319,0.0
2034,TWO,严格二孩实验,1446,558,300,9,3,0,1.7295,34.122,0.22222,0.08115,197.8628,0.0
2034,THREE,严格三孩实验,1597,593,300,10,2,0,2.0059,33.0587,0.5,0.06728,192.617,0.0
2035,ONE,严格一孩实验,1004,440,300,2,0,0,0.9755,60.2391,0.0,0.07571,254.019,0.0
2035,TWO,严格二孩实验,1459,561,300,13,0,0,1.7211,35.3205,0.6,0.08259,202.9543,0.0
2035,THREE,严格三孩实验,1607,597,300,10,0,0,2.0,33.6603,0.27273,0.0716,195.922,0.0
2036,ONE,严格一孩实验,1003,442,300,1,2,0,0.9758,61.8509,0.0,0.07562,253.3443,0.0
2036,TWO,严格二孩实验,1470,566,300,13,2,0,1.7262,36.2256,0.5,0.08452,203.9288,0.0
2036,THREE,严格三孩实验,1610,598,300,4,1,0,1.9807,34.2151,0.28571,0.07125,200.029,0.0
2037,ONE,严格一孩实验,1004,443,300,1,0,0,0.9763,63.276,0.18182,0.07692,259.2405,0.0
2037,TWO,严格二孩实验,1480,575,300,13,3,0,1.7311,36.49,0.2,0.08539,200.8604,0.0
2037,THREE,严格三孩实验,1614,600,300,7,3,0,1.9605,34.9931,0.26667,0.07218,201.9117,0.0
2038,ONE,严格一孩实验,1005,450,300,1,0,0,0.9768,64.7795,0.2,0.07761,259.1117,0.0
2038,TWO,严格二孩实验,1494,584,300,15,1,0,1.733,37.2864,0.33333,0.08609,200.2909,0.0
2038,THREE,严格三孩实验,1622,604,300,9,1,0,1.9447,36.5919,0.4375,0.07532,204.2478,0.0
2039,ONE,严格一孩实验,1006,450,300,1,0,0,0.9776,66.2161,0.5,0.07837,258.4543,0.0
2039,TWO,严格二孩实验,1507,588,300,15,2,0,1.7314,37.8482,0.22222,0.08549,202.518,0.0
2039,THREE,严格三孩实验,1623,608,300,4,3,0,1.9415,37.4015,0.36364,0.07564,206.1021,0.0
2040,ONE,严格一孩实验,1006,452,300,0,0,0,0.9778,67.1776,0.0,0.07802,256.3122,0.0
2040,TWO,严格二孩实验,1517,591,300,12,2,0,1.7241,38.661,0.25,0.08618,201.8223,0.0
2040,THREE,严格三孩实验,1629,613,300,7,1,0,1.9249,38.1557,0.2,0.07662,208.3765,0.0
2041,ONE,严格一孩实验,1009,455,300,3,0,0,0.9784,67.6756,0.16667,0.0786,257.7233,0.0
2041,TWO,严格二孩实验,1525,598,300,10,2,0,1.7255,39.6312,0.3125,0.08853,202.6706,0.0
2041,THREE,严格三孩实验,1635,619,300,6,0,0,1.9074,39.3642,0.46154,0.0774,208.0126,0.0
2042,ONE,严格一孩实验,1007,458,300,2,4,0,0.9792,68.3278,0.42857,0.08152,259.3095,0.0
2042,TWO,严格二孩实验,1531,605,300,6,0,0,1.7106,40.1891,0.26667,0.08909,203.9619,0.0
2042,THREE,严格三孩实验,1644,629,300,9,0,0,1.9017,41.0594,0.29032,0.08244,208.6094,0.0
2043,ONE,严格一孩实验,1006,460,300,2,3,0,0.9798,69.645,0.16667,0.08234,258.2016,0.0
2043,TWO,严格二孩实验,1535,612,300,5,1,0,1.713,41.7488,0.33333,0.09113,202.7781,0.0
2043,THREE,严格三孩实验,1650,641,300,9,3,0,1.8828,42.6266,0.38095,0.0866,207.3194,0.0
2044,ONE,严格一孩实验,1010,466,300,5,1,0,0.9801,70.5055,0.25,0.08387,253.5675,0.0
2044,TWO,严格二孩实验,1540,622,300,5,0,0,1.7093,43.0645,0.16667,0.09223,201.8113,0.0
2044,THREE,严格三孩实验,1658,648,300,11,3,0,1.87,44.494,0.24138,0.08863,206.1423,0.0
2045,ONE,严格一孩实验,1011,468,300,4,3,0,0.9806,70.2517,0.27273,0.08635,255.6186,0.0
2045,TWO,严格二孩实验,1546,626,300,7,1,0,1.7,44.4059,0.17647,0.09417,204.2192,0.0
2045,THREE,严格三孩实验,1664,664,300,9,3,0,1.866,45.2789,0.39286,0.0921,204.0065,0.0
2046,ONE,严格一孩实验,1010,469,300,1,2,0,0.9762,71.0644,0.28571,0.08802,255.6344,0.0
2046,TWO,严格二孩实验,1554,635,300,10,2,0,1.7018,45.2793,0.29412,0.09779,203.2374,0.0
2046,THREE,严格三孩实验,1672,681,300,11,3,0,1.8596,46.1227,0.3,0.09312,201.406,0.0
2047,ONE,严格一孩实验,1008,479,300,1,3,0,0.9767,72.2013,0.38462,0.09339,248.1343,0.0
2047,TWO,严格二孩实验,1561,646,300,10,3,0,1.7012,45.9267,0.28571,0.10342,200.5202,0.0
2047,THREE,严格三孩实验,1685,691,300,14,1,0,1.8471,48.3896,0.30435,0.0952,201.6293,0.0
2048,ONE,严格一孩实验,1012,480,300,5,1,0,0.9767,72.8404,0.28571,0.09385,248.1047,0.0
2048,TWO,严格二孩实验,1572,654,300,11,0,0,1.7018,47.0067,0.42857,0.10692,199.606,0.0
2048,THREE,严格三孩实验,1694,701,300,12,3,0,1.842,49.1684,0.2963,0.09917,202.7097,0.0
2049,ONE,严格一孩实验,1010,486,300,2,4,0,0.9769,72.4071,0.4,0.09375,245.1599,0.0
2049,TWO,严格二孩实验,1580,663,300,11,3,0,1.6973,47.2716,0.29412,0.10951,199.8891,0.0
2049,THREE,严格三孩实验,1708,711,300,18,4,0,1.8407,50.6197,0.42105,0.10288,202.6603,0.0
2050,ONE,严格一孩实验,1014,490,300,7,3,0,0.9769,71.4949,0.33333,0.09627,244.3896,0.0
2050,TWO,严格二孩实验,1581,669,300,9,8,0,1.6974,48.0711,0.31579,0.11237,197.075,0.0
2050,THREE,严格三孩实验,1718,724,300,15,5,0,1.8374,51.8307,0.36364,0.10441,203.9714,0.0
2051,ONE,严格一孩实验,1016,493,300,6,4,0,0.9769,71.5807,0.5,0.09647,241.885,0.0
2051,TWO,严格二孩实验,1587,678,300,9,3,0,1.6939,49.5409,0.38889,0.11633,199.6531,0.0
2051,THREE,严格三孩实验,1731,736,300,17,4,0,1.838,52.8776,0.4375,0.10685,203.4875,0.0
2052,ONE,严格一孩实验,1018,495,300,2,0,0,0.977,71.6574,0.5,0.09711,238.3189,0.0
2052,TWO,严格二孩实验,1598,684,300,15,4,0,1.6926,50.7302,0.26087,0.11976,202.6833,0.0
2052,THREE,严格三孩实验,1753,741,300,25,3,0,1.8354,52.5349,0.5,0.10955,204.7305,0.0
2053,ONE,严格一孩实验,1020,497,300,3,1,0,0.977,72.8054,1.0,0.09814,239.1731,0.0
2053,TWO,严格二孩实验,1607,694,300,11,2,0,1.6912,50.5841,0.38462,0.12318,202.8202,0.0
2053,THREE,严格三孩实验,1762,751,300,11,2,0,1.8313,51.5762,0.25,0.11155,204.9255,0.0
2054,ONE,严格一孩实验,1015,499,300,1,6,0,0.977,74.0449,0.0,0.09875,237.8065,0.0
2054,TWO,严格二孩实验,1613,699,300,10,4,0,1.6885,50.4638,0.2,0.12554,207.1515,0.0
2054,THREE,严格三孩实验,1767,756,300,9,4,0,1.8291,51.7337,0.29412,0.11387,205.0869,0.0
2055,ONE,严格一孩实验,1012,499,300,3,6,0,0.977,74.7323,0.0,0.10031,235.3468,0.0
2055,TWO,严格二孩实验,1617,709,300,9,5,0,1.6878,50.7522,0.26316,0.12931,207.2969,0.0
2055,THREE,严格三孩实验,1767,761,300,11,11,0,1.8239,52.132,0.23077,0.11634,209.3729,0.0
2056,ONE,严格一孩实验,1009,500,300,2,5,0,0.9771,75.0989,0.33333,0.10262,236.6482,0.0
2056,TWO,严格二孩实验,1619,713,300,10,8,0,1.6912,51.8738,0.11111,0.12903,210.8658,0.0
2056,THREE,严格三孩实验,1775,773,300,19,11,0,1.8222,51.9719,0.2,0.1183,209.3876,0.0
2057,ONE,严格一孩实验,1005,502,300,2,6,0,0.9772,76.4644,0.5,0.10305,235.1392,0.0
2057,TWO,严格二孩实验,1622,719,300,8,5,0,1.6898,52.2121,0.23077,0.13115,214.0215,0.0
2057,THREE,严格三孩实验,1779,775,300,10,6,0,1.8157,51.4822,0.33333,0.11937,212.5504,0.0
2058,ONE,严格一孩实验,1003,503,300,3,5,0,0.9773,77.4585,0.0,0.10348,230.875,0.0
2058,TWO,严格二孩实验,1635,722,300,20,7,0,1.6881,52.5305,0.15385,0.13414,216.9568,0.0
2058,THREE,严格三孩实验,1785,775,300,12,6,0,1.8153,52.3956,0.0,0.11953,216.6395,0.0
2059,ONE,严格一孩实验,997,503,299,0,6,0,0.9773,79.6288,1.0,0.10403,230.0007,0.00667
2059,TWO,严格二孩实验,1644,724,300,15,6,0,1.6892,53.5511,0.15385,0.13559,215.9476,0.0
2059,THREE,严格三孩实验,1787,780,300,8,6,0,1.8139,52.7087,0.14286,0.1206,221.2685,0.0
2060,ONE,严格一孩实验,993,503,299,2,6,0,0.9775,80.9973,0.0,0.10352,224.8077,0.00667
2060,TWO,严格二孩实验,1644,730,300,5,5,0,1.686,53.5418,0.21429,0.13895,217.9369,0.0
2060,THREE,严格三孩实验,1799,785,300,19,7,0,1.8101,53.6191,0.22222,0.12167,227.1393,0.0
2061,ONE,严格一孩实验,986,503,299,1,8,0,0.9776,82.3319,0.0,0.10538,219.1229,0.00667
2061,TWO,严格二孩实验,1644,737,300,8,8,0,1.6811,54.8961,0.33333,0.14086,219.1611,0.0
2061,THREE,严格三孩实验,1800,791,300,10,9,0,1.8027,52.8799,0.25,0.12264,230.2996,0.0
2062,ONE,严格一孩实验,979,501,299,0,7,0,0.9754,84.4514,0.0,0.10618,215.7521,0.00667
2062,TWO,严格二孩实验,1643,744,300,9,10,0,1.6822,55.7733,0.25,0.14415,219.5283,0.0
2062,THREE,严格三孩实验,1810,795,300,13,3,0,1.8023,53.1252,0.28571,0.12492,233.165,0.0
2063,ONE,严格一孩实验,973,502,299,0,6,0,0.9754,86.3006,0.66667,0.1087,210.0784,0.00667
2063,TWO,严格二孩实验,1644,748,300,9,8,0,1.6769,57.2262,0.0,0.14534,222.8512,0.0
2063,THREE,严格三孩实验,1809,802,300,9,10,0,1.801,52.9556,0.5,0.12785,234.0693,0.0
2064,ONE,严格一孩实验,962,499,299,0,11,0,0.9755,87.7944,1.0,0.11099,204.4994,0.00667
2064,TWO,严格二孩实验,1638,749,300,5,11,0,1.6734,57.7175,0.0,0.14655,223.0451,0.0
2064,THREE,严格三孩实验,1806,803,300,5,8,0,1.799,53.5561,0.0,0.12842,238.5684,0.0
2065,ONE,严格一孩实验,959,501,299,2,5,0,0.9758,89.0302,0.5,0.11246,198.3644,0.00667
2065,TWO,严格二孩实验,1636,752,300,5,7,0,1.6717,59.2699,0.0,0.14815,224.8088,0.0
2065,THREE,严格三孩实验,1804,808,300,4,6,0,1.7856,54.7668,0.22222,0.13077,242.1454,0.0
2066,ONE,严格一孩实验,948,497,299,0,11,0,0.9757,89.901,0.6,0.11432,194.9004,0.00667
2066,TWO,严格二孩实验,1631,753,300,6,11,0,1.6656,61.1243,0.4,0.14947,228.672,0.0
2066,THREE,严格三孩实验,1807,808,300,11,8,0,1.7798,55.0585,0.36364,0.13442,244.7474,0.0
2067,ONE,严格一孩实验,941,498,299,3,10,0,0.9758,90.8107,0.0,0.11397,189.529,0.00667
2067,TWO,严格二孩实验,1628,755,300,12,15,0,1.6585,61.3319,0.28571,0.15173,232.5682,0.0
2067,THREE,严格三孩实验,1795,806,299,3,15,0,1.7713,56.3108,0.22222,0.13494,246.6015,0.00667
2068,ONE,严格一孩实验,932,496,299,0,9,0,0.9738,91.7257,0.0,0.11499,185.5263,0.00667
2068,TWO,严格二孩实验,1620,756,300,5,13,0,1.6549,62.7266,0.0,0.15406,232.8169,0.0
2068,THREE,严格三孩实验,1788,807,299,9,16,0,1.7684,58.0781,0.09091,0.1366,246.7717,0.00667
2069,ONE,严格一孩实验,918,493,299,1,15,0,0.9737,93.0585,0.0,0.11684,182.2891,0.00667
2069,TWO,严格二孩实验,1612,760,298,4,12,0,1.6476,63.6784,0.3,0.15853,231.497,0.01333
2069,THREE,严格三孩实验,1779,810,299,7,16,0,1.763,60.1462,0.36364,0.14024,246.5905,0.00667
2070,ONE,严格一孩实验,907,491,299,0,11,0,0.974,96.2329,0.6,0.11995,180.5129,0.00667
2070,TWO,严格二孩实验,1599,762,297,4,17,0,1.6458,64.8497,0.27273,0.16134,231.7741,0.02
2070,THREE,严格三孩实验,1773,805,299,6,12,0,1.7552,60.5107,0.25,0.14276,249.784,0.00667
2071,ONE,严格一孩实验,893,486,299,1,15,0,0.9739,97.8667,0.0,0.12178,176.405,0.00667
2071,TWO,严格二孩实验,1586,759,295,5,18,0,1.6462,66.0803,0.45455,0.16417,235.7991,0.02667
2071,THREE,严格三孩实验,1763,804,297,6,16,0,1.7496,61.4262,0.23529,0.14725,250.3707,0.01333
2072,ONE,严格一孩实验,881,484,299,2,14,0,0.9739,99.4723,0.42857,0.12751,171.9965,0.00667
2072,TWO,严格二孩实验,1583,757,295,10,13,0,1.6436,66.6216,0.375,0.16762,234.4299,0.02667
2072,THREE,严格三孩实验,1750,803,297,3,16,0,1.7406,63.0582,0.4,0.15128,247.6645,0.01333
2073,ONE,严格一孩实验,871,484,299,0,10,0,0.9696,100.0907,0.33333,0.13167,169.7238,0.00667
2073,TWO,严格二孩实验,1568,751,294,3,18,0,1.6402,67.8806,0.22222,0.17304,236.2641,0.02667
2073,THREE,严格三孩实验,1738,805,297,7,19,0,1.7312,65.0585,0.17647,0.15475,247.0552,0.01333
2074,ONE,严格一孩实验,858,481,298,0,13,0,0.9716,102.0385,0.0,0.13101,170.3707,0.00667
2074,TWO,严格二孩实验,1556,753,293,4,16,0,1.6341,70.5516,0.21429,0.17834,232.9996,0.02667
2074,THREE,严格三孩实验,1727,810,297,5,16,0,1.7261,66.9106,0.24,0.15776,241.6468,0.01333
2075,ONE,严格一孩实验,844,479,298,1,15,0,0.9714,104.0922,0.0,0.13293,166.5497,0.00667
2075,TWO,严格二孩实验,1547,751,293,11,20,0,1.6316,71.1269,0.27273,0.18096,233.9886,0.02667
2075,THREE,严格三孩实验,1713,810,297,4,18,0,1.7242,69.1818,0.27273,0.16306,237.1321,0.01333
2076,ONE,严格一孩实验,824,470,298,3,23,0,0.9708,104.9188,1.0,0.13784,174.801,0.00667
2076,TWO,严格二孩实验,1535,747,293,9,21,0,1.6242,73.0808,0.33333,0.18462,237.9208,0.02667
2076,THREE,严格三孩实验,1699,805,297,7,21,0,1.7205,70.2382,0.33333,0.167,241.5315,0.01333
2077,ONE,严格一孩实验,808,464,297,1,17,0,0.9703,99.2529,0.0,0.13776,177.2735,0.00667
2077,TWO,严格二孩实验,1519,741,293,4,20,0,1.6275,72.1774,0.44444,0.18981,239.649,0.02667
2077,THREE,严格三孩实验,1683,804,296,5,21,0,1.7133,72.1697,0.1,0.16888,239.7812,0.01333
2078,ONE,严格一孩实验,790,456,296,2,20,0,0.9697,97.8306,0.0,0.14099,174.979,0.00667
2078,TWO,严格二孩实验,1500,738,293,2,21,0,1.6266,72.6878,0.33333,0.193,243.3334,0.02667
2078,THREE,严格三孩实验,1674,806,296,8,17,0,1.7079,72.0425,0.21053,0.17264,241.1119,0.01333
2079,ONE,严格一孩实验,774,448,296,2,18,0,0.9692,97.9027,1.0,0.14533,185.343,0.00667
2079,TWO,严格二孩实验,1489,736,293,4,15,0,1.6244,74.1971,0.25,0.19401,242.5885,0.02667
2079,THREE,严格三孩实验,1656,804,296,4,22,0,1.6951,73.3227,0.0,0.17403,240.8496,0.01333
2080,ONE,严格一孩实验,750,440,292,1,25,0,0.9734,94.2876,0.0,0.14678,187.8275,0.01333
2080,TWO,严格二孩实验,1470,735,293,2,21,0,1.6246,77.9228,0.5,0.2009,244.0103,0.02667
2080,THREE,严格三孩实验,1644,800,296,5,17,0,1.6993,74.613,0.16667,0.1773,241.3073,0.01333
