clan_id,surname,origin_country,founder_resources,branches_created,total_births,living_members,peak_living_members,extinct
1,ONE-族001,ONE,54.7999,1,1,3,3,0
2,ONE-族002,ONE,39.6819,1,1,2,3,0
3,ONE-族003,ONE,103.2585,3,3,4,5,0
4,ONE-族004,ONE,57.1774,3,3,3,5,0
5,ONE-族005,ONE,71.1888,2,2,4,4,0
6,ONE-族006,ONE,55.7571,2,2,4,4,0
7,ONE-族007,ONE,24.7562,1,1,1,3,0
8,ONE-族008,ONE,82.834,1,1,0,3,1
9,ONE-族009,ONE,76.1287,1,1,2,3,0
10,ONE-族010,ONE,98.5531,2,2,4,4,0
11,ONE-族011,ONE,145.4638,4,3,3,5,0
12,ONE-族012,ONE,80.4195,1,1,2,3,0
13,ONE-族013,ONE,322.8785,1,1,1,3,0
14,ONE-族014,ONE,101.7721,2,2,4,4,0
15,ONE-族015,ONE,143.6319,2,2,3,4,0
16,ONE-族016,ONE,80.4848,4,4,4,5,0
17,ONE-族017,ONE,49.1511,1,1,3,3,0
18,ONE-族018,ONE,41.0536,1,1,3,3,0
19,ONE-族019,ONE,175.9029,2,2,4,4,0
20,ONE-族020,ONE,96.5135,3,3,4,4,0
21,ONE-族021,ONE,153.9624,1,1,3,3,0
22,ONE-族022,ONE,345.6346,1,1,1,3,0
23,ONE-族023,ONE,23.3282,1,1,2,3,0
24,ONE-族024,ONE,23.4881,1,1,1,3,0
25,ONE-族025,ONE,67.2171,3,3,5,5,0
26,ONE-族026,ONE,193.9748,2,2,2,4,0
27,ONE-族027,ONE,36.6196,2,2,2,3,0
28,ONE-族028,ONE,24.0307,1,1,2,3,0
29,ONE-族029,ONE,25.0288,4,4,5,5,0
30,ONE-族030,ONE,78.1579,2,2,3,3,0
31,ONE-族031,ONE,193.3841,1,1,2,3,0
32,ONE-族032,ONE,172.0058,2,2,3,4,0
33,ONE-族033,ONE,45.9692,1,1,3,3,0
34,ONE-族034,ONE,66.2699,3,3,3,5,0
35,ONE-族035,ONE,68.4063,2,2,2,4,0
36,ONE-族036,ONE,134.8322,1,1,2,3,0
37,ONE-族037,ONE,200.3295,4,4,6,6,0
38,ONE-族038,ONE,22.318,1,1,3,3,0
39,ONE-族039,ONE,145.3339,1,1,3,3,0
40,ONE-族040,ONE,65.1714,2,2,4,4,0
41,ONE-族041,ONE,79.7158,1,1,1,3,0
42,ONE-族042,ONE,334.8684,1,1,1,3,0
43,ONE-族043,ONE,82.7009,1,1,1,3,0
44,ONE-族044,ONE,181.518,1,1,2,3,0
45,ONE-族045,ONE,499.5191,3,3,5,5,0
46,ONE-族046,ONE,40.7973,1,1,1,3,0
47,ONE-族047,ONE,123.5073,1,1,2,3,0
48,ONE-族048,ONE,28.1844,3,3,4,5,0
49,ONE-族049,ONE,61.5224,1,1,1,3,0
50,ONE-族050,ONE,87.8066,1,1,2,3,0
51,ONE-族051,ONE,335.415,2,2,1,4,0
52,ONE-族052,ONE,103.2397,1,1,1,3,0
53,ONE-族053,ONE,54.4899,1,1,1,3,0
54,ONE-族054,ONE,367.0472,1,1,1,3,0
55,ONE-族055,ONE,175.7908,2,2,2,3,0
56,ONE-族056,ONE,83.1926,3,3,3,4,0
57,ONE-族057,ONE,44.3887,2,2,2,4,0
58,ONE-族058,ONE,101.0666,1,1,2,3,0
59,ONE-族059,ONE,25.29,1,1,1,3,0
60,ONE-族060,ONE,60.3193,3,3,4,5,0
61,ONE-族061,ONE,196.7959,1,1,3,3,0
62,ONE-族062,ONE,154.5966,1,1,1,3,0
63,ONE-族063,ONE,11.8275,1,1,3,3,0
64,ONE-族064,ONE,156.4608,1,1,2,3,0
65,ONE-族065,ONE,34.426,1,1,2,3,0
66,ONE-族066,ONE,49.2618,1,0,1,2,0
67,ONE-族067,ONE,31.0983,1,1,3,3,0
68,ONE-族068,ONE,62.2407,3,3,4,4,0
69,ONE-族069,ONE,95.1908,1,1,3,3,0
70,ONE-族070,ONE,48.6683,1,1,1,3,0
71,ONE-族071,ONE,90.68,1,1,2,3,0
72,ONE-族072,ONE,46.8201,1,1,2,3,0
73,ONE-族073,ONE,14.9223,1,1,3,3,0
74,ONE-族074,ONE,127.6794,4,3,4,5,0
75,ONE-族075,ONE,140.138,1,1,1,3,0
76,ONE-族076,ONE,143.8189,1,1,2,3,0
77,ONE-族077,ONE,210.4873,1,1,3,3,0
78,ONE-族078,ONE,46.3769,3,3,4,5,0
79,ONE-族079,ONE,28.2138,1,1,1,3,0
80,ONE-族080,ONE,131.4651,2,2,4,4,0
81,ONE-族081,ONE,23.6846,3,3,3,4,0
82,ONE-族082,ONE,31.6324,1,1,2,3,0
83,ONE-族083,ONE,35.6659,2,1,1,3,0
84,ONE-族084,ONE,65.2449,2,2,2,4,0
85,ONE-族085,ONE,43.7118,1,1,1,3,0
86,ONE-族086,ONE,144.5304,2,2,2,4,0
87,ONE-族087,ONE,156.3439,3,2,3,4,0
88,ONE-族088,ONE,125.6135,1,1,1,3,0
89,ONE-族089,ONE,65.2891,3,3,4,4,0
90,ONE-族090,ONE,66.4907,1,0,0,2,1
91,ONE-族091,ONE,200.2824,2,2,4,4,0
92,ONE-族092,ONE,52.1784,2,2,3,4,0
93,ONE-族093,ONE,84.5229,2,2,2,4,0
94,ONE-族094,ONE,252.2692,1,1,2,3,0
95,ONE-族095,ONE,72.4277,2,1,1,3,0
96,ONE-族096,ONE,40.5887,1,1,1,3,0
97,ONE-族097,ONE,82.7984,1,1,2,3,0
98,ONE-族098,ONE,57.4043,2,2,3,4,0
99,ONE-族099,ONE,150.6742,4,4,6,6,0
100,ONE-族100,ONE,55.918,1,1,2,3,0
101,ONE-族101,ONE,69.3329,2,2,2,4,0
102,ONE-族102,ONE,231.8819,1,1,3,3,0
103,ONE-族103,ONE,27.2374,1,1,2,3,0
104,ONE-族104,ONE,136.6774,1,1,2,3,0
105,ONE-族105,ONE,49.6626,1,1,2,3,0
106,ONE-族106,ONE,187.3378,2,2,3,4,0
107,ONE-族107,ONE,47.2355,4,3,5,5,0
108,ONE-族108,ONE,147.8114,1,1,3,3,0
109,ONE-族109,ONE,98.9671,2,2,3,4,0
110,ONE-族110,ONE,36.1631,3,3,5,5,0
111,ONE-族111,ONE,76.2574,1,1,1,3,0
112,ONE-族112,ONE,5.6117,1,1,1,3,0
113,ONE-族113,ONE,58.9806,2,2,2,4,0
114,ONE-族114,ONE,214.0053,1,1,3,3,0
115,ONE-族115,ONE,49.3892,4,4,6,6,0
116,ONE-族116,ONE,117.1744,2,2,1,4,0
117,ONE-族117,ONE,82.8257,1,1,1,3,0
118,ONE-族118,ONE,59.4945,3,2,3,4,0
119,ONE-族119,ONE,60.4554,1,1,2,3,0
120,ONE-族120,ONE,112.538,3,3,5,5,0
121,ONE-族121,ONE,144.4463,2,2,2,4,0
122,ONE-族122,ONE,32.4298,3,3,3,5,0
123,ONE-族123,ONE,243.4103,1,1,2,3,0
124,ONE-族124,ONE,246.8553,2,2,3,4,0
125,ONE-族125,ONE,31.1214,1,1,1,3,0
126,ONE-族126,ONE,54.4192,2,2,4,4,0
127,ONE-族127,ONE,55.901,1,1,3,3,0
128,ONE-族128,ONE,48.1223,2,2,3,4,0
129,ONE-族129,ONE,30.5863,1,1,2,3,0
130,ONE-族130,ONE,30.4855,2,2,3,4,0
131,ONE-族131,ONE,96.4085,1,0,1,2,0
132,ONE-族132,ONE,538.9511,3,2,4,4,0
133,ONE-族133,ONE,143.4998,2,2,3,4,0
134,ONE-族134,ONE,557.3986,3,3,4,5,0
135,ONE-族135,ONE,43.2865,2,2,2,4,0
136,ONE-族136,ONE,30.2571,2,2,2,4,0
137,ONE-族137,ONE,109.5071,2,2,3,4,0
138,ONE-族138,ONE,35.7789,1,1,2,3,0
139,ONE-族139,ONE,76.0631,1,1,2,3,0
140,ONE-族140,ONE,199.0698,2,2,4,4,0
141,ONE-族141,ONE,32.4919,1,1,3,3,0
142,ONE-族142,ONE,57.2025,3,3,4,5,0
143,ONE-族143,ONE,42.1079,1,1,3,3,0
144,ONE-族144,ONE,356.035,1,1,2,3,0
145,ONE-族145,ONE,68.8927,1,1,1,3,0
146,ONE-族146,ONE,45.6342,3,3,4,5,0
147,ONE-族147,ONE,69.7178,1,1,1,3,0
148,ONE-族148,ONE,53.8373,1,0,2,2,0
149,ONE-族149,ONE,304.4911,1,1,2,3,0
150,ONE-族150,ONE,27.3803,3,3,5,5,0
151,ONE-族151,ONE,35.5133,3,3,5,5,0
152,ONE-族152,ONE,42.8171,1,1,2,3,0
153,ONE-族153,ONE,95.4278,4,4,5,5,0
154,ONE-族154,ONE,120.2265,1,1,3,3,0
155,ONE-族155,ONE,112.3918,3,3,5,5,0
156,ONE-族156,ONE,53.4108,2,2,3,4,0
157,ONE-族157,ONE,70.345,2,1,2,3,0
158,ONE-族158,ONE,125.9632,1,1,2,3,0
159,ONE-族159,ONE,227.8007,1,1,3,3,0
160,ONE-族160,ONE,48.4486,1,1,2,3,0
161,ONE-族161,ONE,259.4766,3,3,3,5,0
162,ONE-族162,ONE,81.9666,3,3,3,5,0
163,ONE-族163,ONE,29.2107,1,1,3,3,0
164,ONE-族164,ONE,357.8064,1,1,2,3,0
165,ONE-族165,ONE,81.1018,1,1,2,3,0
166,ONE-族166,ONE,38.2276,3,3,5,5,0
167,ONE-族167,ONE,171.3242,1,1,1,3,0
168,ONE-族168,ONE,132.7844,1,1,1,3,0
169,ONE-族169,ONE,16.6034,2,2,3,4,0
170,ONE-族170,ONE,364.8382,1,1,2,3,0
171,ONE-族171,ONE,104.3823,3,3,2,4,0
172,ONE-族172,ONE,29.4011,1,1,3,3,0
173,ONE-族173,ONE,107.9324,1,1,2,3,0
174,ONE-族174,ONE,29.1288,4,4,6,6,0
175,ONE-族175,ONE,86.9255,1,1,0,2,1
176,ONE-族176,ONE,73.4837,1,1,1,3,0
177,ONE-族177,ONE,181.8874,4,4,4,5,0
178,ONE-族178,ONE,413.348,2,2,4,4,0
179,ONE-族179,ONE,241.2596,2,2,3,4,0
180,ONE-族180,ONE,91.9155,4,4,6,6,0
181,ONE-族181,ONE,163.7445,1,1,2,3,0
182,ONE-族182,ONE,75.2555,1,1,3,3,0
183,ONE-族183,ONE,96.8335,1,1,2,3,0
184,ONE-族184,ONE,52.1929,4,3,4,5,0
185,ONE-族185,ONE,621.4552,4,4,4,5,0
186,ONE-族186,ONE,355.5159,1,1,2,3,0
187,ONE-族187,ONE,41.6253,1,1,2,2,0
188,ONE-族188,ONE,174.2651,1,1,2,3,0
189,ONE-族189,ONE,108.665,2,2,2,4,0
190,ONE-族190,ONE,19.4076,1,1,2,3,0
191,ONE-族191,ONE,235.6365,3,3,3,5,0
192,ONE-族192,ONE,62.2172,2,2,3,4,0
193,ONE-族193,ONE,354.9366,1,1,1,3,0
194,ONE-族194,ONE,104.8267,1,1,1,3,0
195,ONE-族195,ONE,73.1589,3,3,5,5,0
196,ONE-族196,ONE,123.6151,1,1,2,3,0
197,ONE-族197,ONE,231.5969,1,0,0,2,1
198,ONE-族198,ONE,117.7015,1,1,2,3,0
199,ONE-族199,ONE,101.1823,4,4,5,5,0
200,ONE-族200,ONE,187.9138,1,1,1,3,0
201,ONE-族201,ONE,169.057,1,1,3,3,0
202,ONE-族202,ONE,278.8707,2,2,3,4,0
203,ONE-族203,ONE,37.0727,1,1,1,3,0
204,ONE-族204,ONE,160.4156,1,1,2,3,0
205,ONE-族205,ONE,45.0682,1,1,2,3,0
206,ONE-族206,ONE,36.0812,1,1,2,3,0
207,ONE-族207,ONE,270.7739,1,0,0,2,1
208,ONE-族208,ONE,30.8467,2,2,2,4,0
209,ONE-族209,ONE,31.281,1,1,0,3,1
210,ONE-族210,ONE,39.7563,1,1,3,3,0
211,ONE-族211,ONE,73.0645,2,2,2,4,0
212,ONE-族212,ONE,175.8836,2,2,3,4,0
213,ONE-族213,ONE,21.226,2,2,3,4,0
214,ONE-族214,ONE,146.6949,2,2,3,4,0
215,ONE-族215,ONE,137.4048,1,1,1,3,0
216,ONE-族216,ONE,29.6847,2,2,2,4,0
217,ONE-族217,ONE,40.3447,1,1,1,3,0
218,ONE-族218,ONE,24.3266,1,1,2,3,0
219,ONE-族219,ONE,168.8168,2,2,3,3,0
220,ONE-族220,ONE,127.211,1,1,2,3,0
221,ONE-族221,ONE,68.3915,2,2,1,4,0
222,ONE-族222,ONE,36.8323,1,1,1,3,0
223,ONE-族223,ONE,31.9,2,2,2,4,0
224,ONE-族224,ONE,133.4307,2,2,2,4,0
225,ONE-族225,ONE,156.6646,2,2,2,4,0
226,ONE-族226,ONE,64.5536,1,1,1,3,0
227,ONE-族227,ONE,240.3301,3,3,3,5,0
228,ONE-族228,ONE,43.7182,1,1,1,3,0
229,ONE-族229,ONE,178.6666,1,1,1,3,0
230,ONE-族230,ONE,128.7746,1,1,3,3,0
231,ONE-族231,ONE,23.5087,1,1,1,3,0
232,ONE-族232,ONE,105.0648,2,2,3,4,0
233,ONE-族233,ONE,93.5872,1,1,1,3,0
234,ONE-族234,ONE,151.4877,2,2,4,4,0
235,ONE-族235,ONE,278.932,1,1,1,3,0
236,ONE-族236,ONE,95.7431,1,1,3,3,0
237,ONE-族237,ONE,246.8615,3,2,2,4,0
238,ONE-族238,ONE,130.8092,1,1,2,3,0
239,ONE-族239,ONE,61.3095,1,1,1,3,0
240,ONE-族240,ONE,212.3507,2,2,2,4,0
241,ONE-族241,ONE,35.9256,3,3,4,5,0
242,ONE-族242,ONE,164.9538,1,1,1,3,0
243,ONE-族243,ONE,336.3388,3,3,3,5,0
244,ONE-族244,ONE,94.4118,1,0,1,2,0
245,ONE-族245,ONE,140.9139,2,2,3,4,0
246,ONE-族246,ONE,222.3076,4,4,5,5,0
247,ONE-族247,ONE,514.4748,1,1,3,3,0
248,ONE-族248,ONE,350.957,1,1,2,3,0
249,ONE-族249,ONE,54.9714,2,2,2,4,0
250,ONE-族250,ONE,49.5894,2,2,3,4,0
251,ONE-族251,ONE,351.852,1,1,2,3,0
252,ONE-族252,ONE,200.0172,1,1,2,3,0
253,ONE-族253,ONE,109.4618,4,4,5,5,0
254,ONE-族254,ONE,327.5351,1,1,2,3,0
255,ONE-族255,ONE,64.0262,3,2,3,4,0
256,ONE-族256,ONE,13.5231,4,4,5,5,0
257,ONE-族257,ONE,18.3867,1,1,3,3,0
258,ONE-族258,ONE,20.4165,2,2,3,4,0
259,ONE-族259,ONE,442.4963,3,3,4,5,0
260,ONE-族260,ONE,132.6512,2,2,1,3,0
261,ONE-族261,ONE,306.5389,1,1,2,3,0
262,ONE-族262,ONE,139.2048,2,2,2,4,0
263,ONE-族263,ONE,282.0146,1,1,2,3,0
264,ONE-族264,ONE,33.557,1,1,3,3,0
265,ONE-族265,ONE,54.492,2,2,1,3,0
266,ONE-族266,ONE,236.5606,1,1,2,3,0
267,ONE-族267,ONE,108.9202,1,1,2,3,0
268,ONE-族268,ONE,87.91,3,3,3,5,0
269,ONE-族269,ONE,58.2512,2,2,3,4,0
270,ONE-族270,ONE,806.1771,2,2,3,4,0
271,ONE-族271,ONE,45.041,1,1,1,3,0
272,ONE-族272,ONE,125.0725,1,1,0,3,1
273,ONE-族273,ONE,263.0428,3,3,3,5,0
274,ONE-族274,ONE,26.2582,1,1,2,3,0
275,ONE-族275,ONE,100.7439,1,1,1,3,0
276,ONE-族276,ONE,131.4133,1,1,2,3,0
277,ONE-族277,ONE,16.7525,2,2,3,4,0
278,ONE-族278,ONE,55.0436,3,3,4,5,0
279,ONE-族279,ONE,132.2848,3,3,3,5,0
280,ONE-族280,ONE,26.2343,3,3,4,5,0
281,ONE-族281,ONE,32.9266,2,2,4,4,0
282,ONE-族282,ONE,324.5948,4,4,4,5,0
283,ONE-族283,ONE,103.7508,1,1,3,3,0
284,ONE-族284,ONE,209.6022,2,2,3,4,0
285,ONE-族285,ONE,42.1337,1,1,1,3,0
286,ONE-族286,ONE,166.3349,2,2,2,4,0
287,ONE-族287,ONE,58.2211,1,1,2,3,0
288,ONE-族288,ONE,126.1272,2,2,4,4,0
289,ONE-族289,ONE,31.1014,2,2,4,4,0
290,ONE-族290,ONE,15.5648,4,4,5,5,0
291,ONE-族291,ONE,138.3131,2,2,0,4,1
292,ONE-族292,ONE,304.8348,1,1,2,3,0
293,ONE-族293,ONE,54.0695,1,1,2,3,0
294,ONE-族294,ONE,97.3891,1,1,2,3,0
295,ONE-族295,ONE,24.2946,2,2,2,4,0
296,ONE-族296,ONE,57.4731,2,2,2,4,0
297,ONE-族297,ONE,72.2746,1,1,1,3,0
298,ONE-族298,ONE,37.2083,1,1,2,3,0
299,ONE-族299,ONE,9.6463,2,2,2,4,0
300,ONE-族300,ONE,24.26,4,3,5,5,0
301,TWO-族001,TWO,55.0977,1,1,2,3,0
302,TWO-族002,TWO,119.9808,4,6,5,7,0
303,TWO-族003,TWO,73.8421,4,5,7,7,0
304,TWO-族004,TWO,179.0464,5,8,10,10,0
305,TWO-族005,TWO,116.578,3,5,5,6,0
306,TWO-族006,TWO,48.0683,4,6,8,8,0
307,TWO-族007,TWO,184.6741,4,6,7,8,0
308,TWO-族008,TWO,19.3287,4,4,5,6,0
309,TWO-族009,TWO,48.0578,2,3,4,5,0
310,TWO-族010,TWO,64.2178,2,4,5,6,0
311,TWO-族011,TWO,102.9705,1,2,3,4,0
312,TWO-族012,TWO,15.3806,4,6,7,7,0
313,TWO-族013,TWO,96.8193,3,6,6,8,0
314,TWO-族014,TWO,88.4433,4,7,7,8,0
315,TWO-族015,TWO,51.5921,1,2,2,4,0
316,TWO-族016,TWO,30.2732,2,3,3,5,0
317,TWO-族017,TWO,148.194,2,3,1,5,0
318,TWO-族018,TWO,141.2952,3,4,5,6,0
319,TWO-族019,TWO,107.3134,1,1,1,3,0
320,TWO-族020,TWO,104.221,6,10,10,11,0
321,TWO-族021,TWO,29.2722,4,6,7,7,0
322,TWO-族022,TWO,30.0977,4,6,5,7,0
323,TWO-族023,TWO,164.7195,1,2,2,4,0
324,TWO-族024,TWO,48.3086,3,5,4,6,0
325,TWO-族025,TWO,572.2002,1,2,3,4,0
326,TWO-族026,TWO,167.6114,12,15,16,17,0
327,TWO-族027,TWO,92.295,3,4,4,5,0
328,TWO-族028,TWO,350.156,3,4,5,6,0
329,TWO-族029,TWO,70.5088,1,2,3,4,0
330,TWO-族030,TWO,41.99,5,7,7,8,0
331,TWO-族031,TWO,99.2404,1,2,2,4,0
332,TWO-族032,TWO,51.1083,2,4,4,6,0
333,TWO-族033,TWO,54.5166,1,2,1,4,0
334,TWO-族034,TWO,47.3786,2,3,4,5,0
335,TWO-族035,TWO,61.113,1,1,1,2,0
336,TWO-族036,TWO,15.3818,4,7,8,8,0
337,TWO-族037,TWO,117.6598,7,11,13,13,0
338,TWO-族038,TWO,272.5328,4,6,6,7,0
339,TWO-族039,TWO,81.2057,2,3,5,5,0
340,TWO-族040,TWO,56.3302,2,3,3,5,0
341,TWO-族041,TWO,107.9844,6,6,7,8,0
342,TWO-族042,TWO,210.5165,1,2,3,4,0
343,TWO-族043,TWO,630.2336,2,3,4,5,0
344,TWO-族044,TWO,75.866,2,2,2,4,0
345,TWO-族045,TWO,88.7253,1,1,0,2,1
346,TWO-族046,TWO,99.2704,1,1,1,3,0
347,TWO-族047,TWO,229.7979,6,10,12,12,0
348,TWO-族048,TWO,110.3961,1,2,3,4,0
349,TWO-族049,TWO,407.9673,4,6,8,8,0
350,TWO-族050,TWO,38.7338,3,4,4,6,0
351,TWO-族051,TWO,70.8853,1,2,3,4,0
352,TWO-族052,TWO,90.9629,6,11,11,13,0
353,TWO-族053,TWO,41.9096,4,7,8,9,0
354,TWO-族054,TWO,312.8648,3,4,2,5,0
355,TWO-族055,TWO,36.4701,2,3,3,5,0
356,TWO-族056,TWO,84.8908,1,2,4,4,0
357,TWO-族057,TWO,474.5506,1,2,2,4,0
358,TWO-族058,TWO,25.2949,1,2,2,4,0
359,TWO-族059,TWO,147.4819,6,10,12,12,0
360,TWO-族060,TWO,237.6025,2,4,5,6,0
361,TWO-族061,TWO,181.3426,10,15,14,15,0
362,TWO-族062,TWO,169.6892,5,7,8,9,0
363,TWO-族063,TWO,167.5341,1,2,3,4,0
364,TWO-族064,TWO,30.1853,1,2,4,4,0
365,TWO-族065,TWO,71.2774,1,1,1,3,0
366,TWO-族066,TWO,67.4779,1,2,3,4,0
367,TWO-族067,TWO,63.2489,1,2,2,4,0
368,TWO-族068,TWO,27.9355,2,4,5,6,0
369,TWO-族069,TWO,262.4188,1,2,2,4,0
370,TWO-族070,TWO,34.4893,3,5,6,7,0
371,TWO-族071,TWO,31.6645,3,4,5,5,0
372,TWO-族072,TWO,136.3603,8,9,8,10,0
373,TWO-族073,TWO,78.9459,1,1,2,3,0
374,TWO-族074,TWO,94.4204,2,3,3,5,0
375,TWO-族075,TWO,201.5729,1,2,2,4,0
376,TWO-族076,TWO,176.6028,3,6,7,8,0
377,TWO-族077,TWO,75.9445,1,2,4,4,0
378,TWO-族078,TWO,33.3853,1,2,3,4,0
379,TWO-族079,TWO,51.9632,5,6,7,7,0
380,TWO-族080,TWO,110.2951,3,5,4,5,0
381,TWO-族081,TWO,215.6013,1,2,3,4,0
382,TWO-族082,TWO,204.8784,2,3,4,5,0
383,TWO-族083,TWO,76.0766,3,4,5,6,0
384,TWO-族084,TWO,25.4973,4,8,9,10,0
385,TWO-族085,TWO,177.9642,2,4,6,6,0
386,TWO-族086,TWO,77.6502,4,6,7,7,0
387,TWO-族087,TWO,99.1522,3,5,7,7,0
388,TWO-族088,TWO,45.8823,5,8,9,10,0
389,TWO-族089,TWO,499.3268,1,2,2,4,0
390,TWO-族090,TWO,83.3243,4,6,6,7,0
391,TWO-族091,TWO,134.9991,1,1,2,3,0
392,TWO-族092,TWO,39.6957,2,3,2,5,0
393,TWO-族093,TWO,184.412,3,4,5,6,0
394,TWO-族094,TWO,88.1039,3,5,5,6,0
395,TWO-族095,TWO,83.6528,2,2,2,4,0
396,TWO-族096,TWO,74.4233,7,11,12,12,0
397,TWO-族097,TWO,96.0041,1,2,3,4,0
398,TWO-族098,TWO,78.3512,3,5,7,7,0
399,TWO-族099,TWO,55.2286,1,1,2,3,0
400,TWO-族100,TWO,129.4475,2,4,4,6,0
401,TWO-族101,TWO,275.3338,1,2,2,4,0
402,TWO-族102,TWO,144.0244,1,2,3,4,0
403,TWO-族103,TWO,75.2668,4,7,8,8,0
404,TWO-族104,TWO,98.9537,4,7,7,8,0
405,TWO-族105,TWO,149.2219,4,7,8,9,0
406,TWO-族106,TWO,22.466,4,5,6,7,0
407,TWO-族107,TWO,79.8264,1,1,1,2,0
408,TWO-族108,TWO,70.9786,7,10,11,11,0
409,TWO-族109,TWO,51.1793,2,4,4,6,0
410,TWO-族110,TWO,73.8733,5,8,8,10,0
411,TWO-族111,TWO,38.6363,4,5,5,5,0
412,TWO-族112,TWO,59.4071,5,9,11,11,0
413,TWO-族113,TWO,54.2043,1,1,1,3,0
414,TWO-族114,TWO,67.7576,1,2,3,4,0
415,TWO-族115,TWO,382.0754,1,2,4,4,0
416,TWO-族116,TWO,67.2245,1,1,1,3,0
417,TWO-族117,TWO,250.8373,2,3,3,5,0
418,TWO-族118,TWO,50.6293,2,3,3,5,0
419,TWO-族119,TWO,29.6226,1,1,0,3,1
420,TWO-族120,TWO,201.99,1,1,1,3,0
421,TWO-族121,TWO,104.2295,2,2,3,4,0
422,TWO-族122,TWO,329.1871,3,5,6,7,0
423,TWO-族123,TWO,185.7252,5,5,6,7,0
424,TWO-族124,TWO,49.5436,1,1,1,3,0
425,TWO-族125,TWO,83.7839,2,2,1,4,0
426,TWO-族126,TWO,117.5376,1,2,4,4,0
427,TWO-族127,TWO,287.7588,4,6,7,8,0
428,TWO-族128,TWO,687.3439,1,1,1,3,0
429,TWO-族129,TWO,115.8105,4,7,6,6,0
430,TWO-族130,TWO,293.816,1,0,2,2,0
431,TWO-族131,TWO,53.8983,1,1,1,3,0
432,TWO-族132,TWO,340.1417,4,7,9,9,0
433,TWO-族133,TWO,116.1824,4,6,7,8,0
434,TWO-族134,TWO,522.8265,1,2,4,4,0
435,TWO-族135,TWO,246.8798,2,3,4,5,0
436,TWO-族136,TWO,71.4969,6,11,11,11,0
437,TWO-族137,TWO,109.0521,5,8,9,10,0
438,TWO-族138,TWO,121.3229,2,4,6,6,0
439,TWO-族139,TWO,67.9717,3,5,6,7,0
440,TWO-族140,TWO,95.3053,3,5,7,7,0
441,TWO-族141,TWO,17.9273,1,1,2,3,0
442,TWO-族142,TWO,34.9649,4,5,6,6,0
443,TWO-族143,TWO,66.072,1,0,0,2,1
444,TWO-族144,TWO,38.7262,2,4,6,6,0
445,TWO-族145,TWO,30.0734,2,3,3,5,0
446,TWO-族146,TWO,69.6071,3,6,7,8,0
447,TWO-族147,TWO,91.1163,1,2,3,4,0
448,TWO-族148,TWO,86.1037,4,8,8,9,0
449,TWO-族149,TWO,99.5028,2,4,5,6,0
450,TWO-族150,TWO,43.1691,1,2,1,4,0
451,TWO-族151,TWO,49.838,1,1,3,3,0
452,TWO-族152,TWO,198.6513,1,0,1,2,0
453,TWO-族153,TWO,93.3828,5,6,6,8,0
454,TWO-族154,TWO,71.6559,3,5,6,7,0
455,TWO-族155,TWO,30.2377,4,5,5,7,0
456,TWO-族156,TWO,40.8707,3,5,7,7,0
457,TWO-族157,TWO,53.5642,2,4,5,6,0
458,TWO-族158,TWO,259.9857,9,12,12,14,0
459,TWO-族159,TWO,10.5114,4,6,6,8,0
460,TWO-族160,TWO,51.0358,1,2,3,4,0
461,TWO-族161,TWO,191.6811,5,8,9,9,0
462,TWO-族162,TWO,45.2143,3,4,4,6,0
463,TWO-族163,TWO,262.3337,2,3,3,5,0
464,TWO-族164,TWO,66.2863,4,7,8,8,0
465,TWO-族165,TWO,795.4946,1,2,1,4,0
466,TWO-族166,TWO,184.6616,3,6,7,8,0
467,TWO-族167,TWO,71.4686,3,5,6,7,0
468,TWO-族168,TWO,23.4214,3,6,7,8,0
469,TWO-族169,TWO,62.8414,4,7,8,9,0
470,TWO-族170,TWO,85.2064,4,5,6,7,0
471,TWO-族171,TWO,73.3762,1,2,3,4,0
472,TWO-族172,TWO,72.572,3,5,6,7,0
473,TWO-族173,TWO,157.8488,1,1,1,3,0
474,TWO-族174,TWO,90.1813,3,4,6,6,0
475,TWO-族175,TWO,73.8172,1,2,2,4,0
476,TWO-族176,TWO,42.0679,1,2,4,4,0
477,TWO-族177,TWO,20.6468,2,4,6,6,0
478,TWO-族178,TWO,930.1322,3,4,4,5,0
479,TWO-族179,TWO,29.8578,5,6,7,7,0
480,TWO-族180,TWO,245.9976,2,3,3,5,0
481,TWO-族181,TWO,91.4527,4,6,8,8,0
482,TWO-族182,TWO,143.992,3,5,6,6,0
483,TWO-族183,TWO,9.2247,3,5,4,6,0
484,TWO-族184,TWO,36.066,2,3,3,5,0
485,TWO-族185,TWO,183.863,3,5,6,7,0
486,TWO-族186,TWO,60.0558,8,13,14,14,0
487,TWO-族187,TWO,69.6179,1,1,1,3,0
488,TWO-族188,TWO,80.024,7,8,7,9,0
489,TWO-族189,TWO,47.6179,1,1,2,3,0
490,TWO-族190,TWO,92.4143,2,3,4,5,0
491,TWO-族191,TWO,101.7938,1,2,3,4,0
492,TWO-族192,TWO,63.7464,5,6,6,7,0
493,TWO-族193,TWO,50.9277,3,6,7,8,0
494,TWO-族194,TWO,91.8288,1,2,3,4,0
495,TWO-族195,TWO,275.8008,1,0,0,2,1
496,TWO-族196,TWO,102.8692,1,1,1,3,0
497,TWO-族197,TWO,175.7178,4,7,7,8,0
498,TWO-族198,TWO,48.4462,1,0,0,2,1
499,TWO-族199,TWO,166.5157,6,10,12,12,0
500,TWO-族200,TWO,174.5745,3,3,3,5,0
501,TWO-族201,TWO,108.0709,5,5,7,7,0
502,TWO-族202,TWO,92.9871,3,6,8,8,0
503,TWO-族203,TWO,121.2255,1,2,4,4,0
504,TWO-族204,TWO,312.7317,4,7,8,8,0
505,TWO-族205,TWO,38.2995,5,8,8,9,0
506,TWO-族206,TWO,39.4757,1,2,2,3,0
507,TWO-族207,TWO,26.8751,3,5,4,7,0
508,TWO-族208,TWO,60.9897,4,6,7,8,0
509,TWO-族209,TWO,135.4362,4,6,6,8,0
510,TWO-族210,TWO,106.7819,2,3,4,5,0
511,TWO-族211,TWO,118.2193,1,2,2,4,0
512,TWO-族212,TWO,137.4494,5,6,7,7,0
513,TWO-族213,TWO,16.676,1,2,3,4,0
514,TWO-族214,TWO,32.1378,2,4,5,6,0
515,TWO-族215,TWO,30.4211,4,6,7,7,0
516,TWO-族216,TWO,114.1832,5,7,8,8,0
517,TWO-族217,TWO,170.1135,1,0,1,2,0
518,TWO-族218,TWO,360.0698,1,2,4,4,0
519,TWO-族219,TWO,77.5298,4,5,5,6,0
520,TWO-族220,TWO,53.001,5,7,9,9,0
521,TWO-族221,TWO,114.6532,6,7,8,9,0
522,TWO-族222,TWO,48.1465,1,2,3,4,0
523,TWO-族223,TWO,224.9074,5,8,8,10,0
524,TWO-族224,TWO,44.8105,1,2,3,4,0
525,TWO-族225,TWO,40.1137,4,7,8,8,0
526,TWO-族226,TWO,9.8965,4,6,7,7,0
527,TWO-族227,TWO,58.3541,4,6,8,8,0
528,TWO-族228,TWO,41.4864,2,4,6,6,0
529,TWO-族229,TWO,173.9658,3,4,6,6,0
530,TWO-族230,TWO,68.9062,1,2,2,4,0
531,TWO-族231,TWO,251.3805,2,4,6,6,0
532,TWO-族232,TWO,64.9166,1,1,2,3,0
533,TWO-族233,TWO,43.6023,4,5,5,5,0
534,TWO-族234,TWO,82.0258,3,4,5,5,0
535,TWO-族235,TWO,197.1333,1,2,4,4,0
536,TWO-族236,TWO,81.7796,1,0,0,2,1
537,TWO-族237,TWO,34.1797,5,8,9,9,0
538,TWO-族238,TWO,30.6041,1,0,0,2,1
539,TWO-族239,TWO,95.5089,3,5,4,7,0
540,TWO-族240,TWO,86.6098,2,3,4,5,0
541,TWO-族241,TWO,68.568,5,6,7,8,0
542,TWO-族242,TWO,31.5585,2,4,4,6,0
543,TWO-族243,TWO,36.4018,1,2,3,4,0
544,TWO-族244,TWO,12.027,4,5,7,7,0
545,TWO-族245,TWO,50.2747,2,4,5,6,0
546,TWO-族246,TWO,98.0888,1,0,1,2,0
547,TWO-族247,TWO,39.3796,7,9,10,11,0
548,TWO-族248,TWO,88.6018,2,4,4,6,0
549,TWO-族249,TWO,236.5412,1,1,1,3,0
550,TWO-族250,TWO,24.9043,7,9,9,10,0
551,TWO-族251,TWO,59.0525,3,4,6,6,0
552,TWO-族252,TWO,57.8569,1,2,4,4,0
553,TWO-族253,TWO,26.8264,1,0,1,2,0
554,TWO-族254,TWO,144.6456,2,4,5,6,0
555,TWO-族255,TWO,191.9744,3,4,4,6,0
556,TWO-族256,TWO,21.3778,1,0,1,2,0
557,TWO-族257,TWO,38.6342,7,11,12,13,0
558,TWO-族258,TWO,209.9287,3,6,8,8,0
559,TWO-族259,TWO,49.9817,4,6,6,6,0
560,TWO-族260,TWO,547.5861,1,2,2,4,0
561,TWO-族261,TWO,18.0122,3,6,5,8,0
562,TWO-族262,TWO,70.6419,4,5,6,6,0
563,TWO-族263,TWO,79.7931,1,1,2,3,0
564,TWO-族264,TWO,104.7379,1,1,1,3,0
565,TWO-族265,TWO,120.293,4,8,9,10,0
566,TWO-族266,TWO,32.9922,1,1,1,3,0
567,TWO-族267,TWO,32.0218,1,2,2,4,0
568,TWO-族268,TWO,92.915,1,2,3,4,0
569,TWO-族269,TWO,136.4304,6,9,11,11,0
570,TWO-族270,TWO,98.3407,2,3,4,5,0
571,TWO-族271,TWO,56.3598,2,3,2,5,0
572,TWO-族272,TWO,63.543,1,0,1,2,0
573,TWO-族273,TWO,49.3766,1,2,3,4,0
574,TWO-族274,TWO,20.3812,1,1,2,3,0
575,TWO-族275,TWO,39.7584,5,7,5,7,0
576,TWO-族276,TWO,36.5246,2,4,4,6,0
577,TWO-族277,TWO,340.5643,3,5,6,7,0
578,TWO-族278,TWO,32.1341,2,3,4,5,0
579,TWO-族279,TWO,40.9619,2,4,5,6,0
580,TWO-族280,TWO,53.072,1,1,1,3,0
581,TWO-族281,TWO,172.6787,3,4,4,6,0
582,TWO-族282,TWO,127.8008,4,8,8,8,0
583,TWO-族283,TWO,221.7609,1,2,3,4,0
584,TWO-族284,TWO,70.9799,3,5,5,6,0
585,TWO-族285,TWO,130.2878,5,9,9,11,0
586,TWO-族286,TWO,220.7367,1,2,3,4,0
587,TWO-族287,TWO,81.4469,1,1,2,3,0
588,TWO-族288,TWO,420.0874,6,10,11,11,0
589,TWO-族289,TWO,56.6513,3,5,5,7,0
590,TWO-族290,TWO,46.6395,5,9,9,9,0
591,TWO-族291,TWO,35.4717,3,5,4,5,0
592,TWO-族292,TWO,44.8376,6,9,8,8,0
593,TWO-族293,TWO,51.2749,2,3,3,4,0
594,TWO-族294,TWO,282.3973,6,8,9,9,0
595,TWO-族295,TWO,130.9549,3,4,4,6,0
596,TWO-族296,TWO,227.5615,3,5,4,6,0
597,TWO-族297,TWO,23.8019,1,2,2,4,0
598,TWO-族298,TWO,462.7988,3,4,4,6,0
599,TWO-族299,TWO,147.7202,1,1,2,3,0
600,TWO-族300,TWO,126.5831,3,5,6,7,0
601,THREE-族001,THREE,23.8546,2,3,4,5,0
602,THREE-族002,THREE,134.2229,1,2,3,4,0
603,THREE-族003,THREE,16.5262,7,12,14,14,0
604,THREE-族004,THREE,60.5132,1,2,4,4,0
605,THREE-族005,THREE,38.0032,5,9,9,10,0
606,THREE-族006,THREE,17.5924,2,5,6,7,0
607,THREE-族007,THREE,38.1526,7,11,12,13,0
608,THREE-族008,THREE,133.6286,2,4,5,6,0
609,THREE-族009,THREE,115.024,1,1,2,3,0
610,THREE-族010,THREE,169.1375,2,3,3,4,0
611,THREE-族011,THREE,85.0375,2,5,7,7,0
612,THREE-族012,THREE,88.1456,1,1,2,3,0
613,THREE-族013,THREE,33.7353,2,4,5,6,0
614,THREE-族014,THREE,247.5432,1,1,2,3,0
615,THREE-族015,THREE,50.3942,3,6,7,8,0
616,THREE-族016,THREE,49.4541,1,3,3,5,0
617,THREE-族017,THREE,59.783,7,12,12,12,0
618,THREE-族018,THREE,109.9559,6,9,9,11,0
619,THREE-族019,THREE,195.571,6,11,9,10,0
620,THREE-族020,THREE,46.24,3,5,6,7,0
621,THREE-族021,THREE,259.6615,4,5,5,7,0
622,THREE-族022,THREE,165.4591,3,6,6,7,0
623,THREE-族023,THREE,31.6719,1,3,4,5,0
624,THREE-族024,THREE,158.1737,3,5,4,6,0
625,THREE-族025,THREE,106.9209,2,3,5,5,0
626,THREE-族026,THREE,12.735,4,7,9,9,0
627,THREE-族027,THREE,149.7575,2,4,4,5,0
628,THREE-族028,THREE,78.0046,2,2,2,4,0
629,THREE-族029,THREE,28.7027,3,3,3,5,0
630,THREE-族030,THREE,54.447,1,2,3,4,0
631,THREE-族031,THREE,57.4663,3,4,6,6,0
632,THREE-族032,THREE,116.8802,1,0,1,2,0
633,THREE-族033,THREE,125.4981,6,9,10,11,0
634,THREE-族034,THREE,56.6003,1,1,0,2,1
635,THREE-族035,THREE,20.9695,1,3,3,5,0
636,THREE-族036,THREE,38.0002,5,9,8,9,0
637,THREE-族037,THREE,165.1745,5,8,8,10,0
638,THREE-族038,THREE,147.461,1,0,0,2,1
639,THREE-族039,THREE,211.4499,2,2,2,3,0
640,THREE-族040,THREE,215.6444,4,5,5,6,0
641,THREE-族041,THREE,58.5324,4,7,6,8,0
642,THREE-族042,THREE,13.0031,1,3,3,5,0
643,THREE-族043,THREE,37.5529,1,1,1,3,0
644,THREE-族044,THREE,99.2623,1,1,1,3,0
645,THREE-族045,THREE,13.3922,2,4,6,6,0
646,THREE-族046,THREE,120.1076,5,8,8,9,0
647,THREE-族047,THREE,76.5077,4,8,9,9,0
648,THREE-族048,THREE,249.1268,7,9,10,11,0
649,THREE-族049,THREE,56.3373,5,8,9,10,0
650,THREE-族050,THREE,90.5896,1,1,1,3,0
651,THREE-族051,THREE,249.2691,4,5,5,6,0
652,THREE-族052,THREE,55.4646,2,4,4,6,0
653,THREE-族053,THREE,39.5292,3,5,6,7,0
654,THREE-族054,THREE,64.6919,3,6,7,8,0
655,THREE-族055,THREE,71.3492,1,1,2,3,0
656,THREE-族056,THREE,61.3224,2,4,3,5,0
657,THREE-族057,THREE,68.2425,4,5,6,6,0
658,THREE-族058,THREE,212.796,2,4,5,6,0
659,THREE-族059,THREE,58.9559,2,2,2,4,0
660,THREE-族060,THREE,72.4594,3,6,6,8,0
661,THREE-族061,THREE,247.8032,4,7,6,7,0
662,THREE-族062,THREE,11.3038,7,12,13,14,0
663,THREE-族063,THREE,113.9905,1,2,3,4,0
664,THREE-族064,THREE,222.7647,5,6,5,8,0
665,THREE-族065,THREE,145.3684,4,6,5,8,0
666,THREE-族066,THREE,27.1603,4,8,8,8,0
667,THREE-族067,THREE,83.356,2,5,6,7,0
668,THREE-族068,THREE,59.4798,3,5,4,6,0
669,THREE-族069,THREE,92.6566,3,4,4,6,0
670,THREE-族070,THREE,16.752,4,5,7,7,0
671,THREE-族071,THREE,72.6139,5,10,10,11,0
672,THREE-族072,THREE,43.1566,2,2,3,4,0
673,THREE-族073,THREE,331.9451,7,12,12,13,0
674,THREE-族074,THREE,128.4772,3,4,5,6,0
675,THREE-族075,THREE,229.3819,6,9,9,10,0
676,THREE-族076,THREE,51.2516,3,6,5,7,0
677,THREE-族077,THREE,52.5909,6,9,10,10,0
678,THREE-族078,THREE,43.4844,2,4,5,6,0
679,THREE-族079,THREE,516.4534,1,2,3,4,0
680,THREE-族080,THREE,94.5199,2,4,5,5,0
681,THREE-族081,THREE,60.9127,3,5,7,7,0
682,THREE-族082,THREE,20.026,2,4,5,6,0
683,THREE-族083,THREE,52.0741,3,5,7,7,0
684,THREE-族084,THREE,24.495,5,5,5,6,0
685,THREE-族085,THREE,65.9909,3,4,4,5,0
686,THREE-族086,THREE,10.0545,4,7,9,9,0
687,THREE-族087,THREE,55.3474,5,8,7,10,0
688,THREE-族088,THREE,193.6373,1,3,4,5,0
689,THREE-族089,THREE,350.5759,1,0,1,2,0
690,THREE-族090,THREE,72.9007,1,3,4,5,0
691,THREE-族091,THREE,60.0208,4,7,8,9,0
692,THREE-族092,THREE,57.538,12,19,18,18,0
693,THREE-族093,THREE,89.2316,2,4,5,6,0
694,THREE-族094,THREE,151.0223,5,10,12,12,0
695,THREE-族095,THREE,159.75,1,2,3,4,0
696,THREE-族096,THREE,27.4788,2,4,3,6,0
697,THREE-族097,THREE,71.5179,6,12,12,12,0
698,THREE-族098,THREE,403.797,1,2,4,4,0
699,THREE-族099,THREE,129.2289,6,8,8,10,0
700,THREE-族100,THREE,46.4056,2,2,2,4,0
701,THREE-族101,THREE,167.2227,1,0,0,2,1
702,THREE-族102,THREE,76.8394,1,1,3,3,0
703,THREE-族103,THREE,133.3456,3,6,6,6,0
704,THREE-族104,THREE,29.7932,4,5,7,7,0
705,THREE-族105,THREE,30.2759,4,7,7,8,0
706,THREE-族106,THREE,124.6614,5,8,10,10,0
707,THREE-族107,THREE,45.7476,1,1,0,3,1
708,THREE-族108,THREE,32.7846,2,5,5,7,0
709,THREE-族109,THREE,64.1033,3,4,6,6,0
710,THREE-族110,THREE,39.5273,3,6,5,8,0
711,THREE-族111,THREE,151.9228,2,4,4,6,0
712,THREE-族112,THREE,42.7461,1,1,1,3,0
713,THREE-族113,THREE,128.1871,6,9,10,10,0
714,THREE-族114,THREE,203.8913,1,1,3,3,0
715,THREE-族115,THREE,80.4771,1,1,2,3,0
716,THREE-族116,THREE,68.6435,1,2,3,4,0
717,THREE-族117,THREE,68.7952,6,10,12,12,0
718,THREE-族118,THREE,90.699,2,3,5,5,0
719,THREE-族119,THREE,73.8128,1,1,2,3,0
720,THREE-族120,THREE,63.1037,6,9,10,10,0
721,THREE-族121,THREE,106.3648,4,7,8,8,0
722,THREE-族122,THREE,27.4193,4,5,6,6,0
723,THREE-族123,THREE,151.8884,1,1,3,3,0
724,THREE-族124,THREE,346.1817,2,4,4,6,0
725,THREE-族125,THREE,373.5706,1,2,2,4,0
726,THREE-族126,THREE,370.4653,1,2,3,4,0
727,THREE-族127,THREE,150.9584,2,2,1,4,0
728,THREE-族128,THREE,92.9014,2,3,4,5,0
729,THREE-族129,THREE,66.1711,3,6,5,6,0
730,THREE-族130,THREE,207.504,1,3,3,5,0
731,THREE-族131,THREE,105.055,5,5,5,7,0
732,THREE-族132,THREE,83.2659,2,4,5,6,0
733,THREE-族133,THREE,157.8722,1,2,4,4,0
734,THREE-族134,THREE,48.4449,1,1,1,3,0
735,THREE-族135,THREE,105.1007,4,6,8,8,0
736,THREE-族136,THREE,61.3006,1,2,4,4,0
737,THREE-族137,THREE,188.4634,2,3,5,5,0
738,THREE-族138,THREE,149.9211,4,6,7,8,0
739,THREE-族139,THREE,109.3919,4,6,6,7,0
740,THREE-族140,THREE,99.0199,7,8,10,10,0
741,THREE-族141,THREE,7.8524,11,15,15,16,0
742,THREE-族142,THREE,59.1846,3,6,7,8,0
743,THREE-族143,THREE,60.6026,3,5,6,6,0
744,THREE-族144,THREE,92.7294,6,9,11,11,0
745,THREE-族145,THREE,30.8094,2,2,3,4,0
746,THREE-族146,THREE,97.8312,1,2,2,4,0
747,THREE-族147,THREE,76.1962,1,2,2,4,0
748,THREE-族148,THREE,31.2584,1,2,2,4,0
749,THREE-族149,THREE,101.7643,1,1,2,3,0
750,THREE-族150,THREE,83.989,4,5,7,7,0
751,THREE-族151,THREE,237.749,1,2,3,4,0
752,THREE-族152,THREE,58.6919,3,4,6,6,0
753,THREE-族153,THREE,46.4108,2,4,5,6,0
754,THREE-族154,THREE,27.9088,6,8,10,10,0
755,THREE-族155,THREE,73.9844,6,9,10,11,0
756,THREE-族156,THREE,136.7242,3,4,5,6,0
757,THREE-族157,THREE,105.8907,1,2,4,4,0
758,THREE-族158,THREE,305.6236,1,2,2,4,0
759,THREE-族159,THREE,164.0654,2,3,4,5,0
760,THREE-族160,THREE,26.0564,4,9,9,9,0
761,THREE-族161,THREE,98.0973,1,1,3,3,0
762,THREE-族162,THREE,22.988,3,4,5,6,0
763,THREE-族163,THREE,137.9324,1,1,2,3,0
764,THREE-族164,THREE,72.3364,1,0,2,2,0
765,THREE-族165,THREE,131.2024,6,10,12,12,0
766,THREE-族166,THREE,159.3468,1,2,2,4,0
767,THREE-族167,THREE,185.7709,1,3,3,5,0
768,THREE-族168,THREE,13.5146,1,2,3,4,0
769,THREE-族169,THREE,28.6075,2,2,1,4,0
770,THREE-族170,THREE,85.1757,2,3,5,5,0
771,THREE-族171,THREE,144.1704,5,7,8,9,0
772,THREE-族172,THREE,275.2579,3,6,4,7,0
773,THREE-族173,THREE,161.0776,1,2,2,4,0
774,THREE-族174,THREE,65.4873,2,2,3,4,0
775,THREE-族175,THREE,211.6506,2,2,4,4,0
776,THREE-族176,THREE,44.7941,6,11,11,12,0
777,THREE-族177,THREE,237.0995,6,11,11,11,0
778,THREE-族178,THREE,36.361,2,2,1,4,0
779,THREE-族179,THREE,140.5338,1,1,1,3,0
780,THREE-族180,THREE,75.7852,1,1,1,3,0
781,THREE-族181,THREE,98.7172,4,7,7,8,0
782,THREE-族182,THREE,146.0813,3,5,6,7,0
783,THREE-族183,THREE,230.8875,2,3,3,5,0
784,THREE-族184,THREE,58.4309,3,5,5,5,0
785,THREE-族185,THREE,53.0142,1,2,2,3,0
786,THREE-族186,THREE,43.1096,6,9,11,11,0
787,THREE-族187,THREE,179.5728,2,4,3,6,0
788,THREE-族188,THREE,336.3065,10,14,14,14,0
789,THREE-族189,THREE,37.1359,1,3,4,5,0
790,THREE-族190,THREE,143.027,1,2,3,4,0
791,THREE-族191,THREE,215.4375,6,12,13,14,0
792,THREE-族192,THREE,37.0496,6,11,10,13,0
793,THREE-族193,THREE,37.4822,2,5,4,7,0
794,THREE-族194,THREE,77.6397,2,3,4,5,0
795,THREE-族195,THREE,35.7673,4,8,10,10,0
796,THREE-族196,THREE,291.3673,6,10,11,11,0
797,THREE-族197,THREE,70.6479,3,5,4,6,0
798,THREE-族198,THREE,59.5647,10,15,15,16,0
799,THREE-族199,THREE,29.0615,8,15,15,15,0
800,THREE-族200,THREE,28.3761,4,5,5,7,0
801,THREE-族201,THREE,197.7334,5,8,9,10,0
802,THREE-族202,THREE,940.1262,1,2,2,4,0
803,THREE-族203,THREE,172.8803,2,3,4,5,0
804,THREE-族204,THREE,63.7339,4,6,8,8,0
805,THREE-族205,THREE,128.6159,4,5,6,7,0
806,THREE-族206,THREE,188.1071,1,2,4,4,0
807,THREE-族207,THREE,215.2512,5,6,8,8,0
808,THREE-族208,THREE,11.7459,5,10,11,11,0
809,THREE-族209,THREE,82.5261,1,1,3,3,0
810,THREE-族210,THREE,159.6963,1,2,3,4,0
811,THREE-族211,THREE,156.508,1,1,1,3,0
812,THREE-族212,THREE,299.9354,1,3,4,4,0
813,THREE-族213,THREE,150.8849,1,1,1,3,0
814,THREE-族214,THREE,152.8095,2,4,4,6,0
815,THREE-族215,THREE,153.0438,4,7,7,7,0
816,THREE-族216,THREE,79.5904,2,5,6,7,0
817,THREE-族217,THREE,30.9107,1,2,1,4,0
818,THREE-族218,THREE,607.7531,3,3,4,5,0
819,THREE-族219,THREE,282.9859,9,14,12,14,0
820,THREE-族220,THREE,170.7401,3,5,5,7,0
821,THREE-族221,THREE,83.4438,4,8,9,9,0
822,THREE-族222,THREE,276.1275,3,5,7,7,0
823,THREE-族223,THREE,42.7595,5,10,11,12,0
824,THREE-族224,THREE,54.5631,2,4,6,6,0
825,THREE-族225,THREE,82.3662,4,8,8,10,0
826,THREE-族226,THREE,105.8316,1,2,3,4,0
827,THREE-族227,THREE,68.4381,1,2,3,4,0
828,THREE-族228,THREE,49.3901,1,1,3,3,0
829,THREE-族229,THREE,49.2884,6,10,12,12,0
830,THREE-族230,THREE,267.5531,1,2,2,4,0
831,THREE-族231,THREE,213.6123,4,6,7,8,0
832,THREE-族232,THREE,67.6233,4,6,7,8,0
833,THREE-族233,THREE,115.3355,2,3,3,5,0
834,THREE-族234,THREE,109.194,2,3,3,5,0
835,THREE-族235,THREE,94.3598,4,7,8,9,0
836,THREE-族236,THREE,20.873,5,9,10,11,0
837,THREE-族237,THREE,815.4948,1,3,3,5,0
838,THREE-族238,THREE,54.6694,2,4,5,6,0
839,THREE-族239,THREE,212.9103,3,3,3,5,0
840,THREE-族240,THREE,103.7511,2,3,2,4,0
841,THREE-族241,THREE,221.7343,6,9,11,11,0
842,THREE-族242,THREE,81.1537,4,5,6,6,0
843,THREE-族243,THREE,23.9484,1,2,2,4,0
844,THREE-族244,THREE,23.6614,1,2,3,4,0
845,THREE-族245,THREE,39.1323,3,4,5,6,0
846,THREE-族246,THREE,33.9509,6,10,12,12,0
847,THREE-族247,THREE,86.7599,1,1,1,3,0
848,THREE-族248,THREE,72.9121,1,0,1,2,0
849,THREE-族249,THREE,183.3134,2,4,5,6,0
850,THREE-族250,THREE,31.2945,4,7,8,8,0
851,THREE-族251,THREE,239.1637,1,2,3,4,0
852,THREE-族252,THREE,80.4777,2,5,5,7,0
853,THREE-族253,THREE,36.24,6,12,12,13,0
854,THREE-族254,THREE,75.549,2,4,5,6,0
855,THREE-族255,THREE,171.8312,6,7,7,8,0
856,THREE-族256,THREE,84.3016,1,1,1,3,0
857,THREE-族257,THREE,104.618,3,3,4,4,0
858,THREE-族258,THREE,125.3057,1,2,4,4,0
859,THREE-族259,THREE,234.1543,3,3,4,5,0
860,THREE-族260,THREE,45.5667,2,3,3,5,0
861,THREE-族261,THREE,118.8071,3,5,6,6,0
862,THREE-族262,THREE,13.9901,1,2,2,4,0
863,THREE-族263,THREE,143.7583,3,5,4,5,0
864,THREE-族264,THREE,55.2411,3,6,6,8,0
865,THREE-族265,THREE,66.4694,9,16,15,15,0
866,THREE-族266,THREE,121.8983,4,8,7,9,0
867,THREE-族267,THREE,373.5082,5,9,9,11,0
868,THREE-族268,THREE,218.0782,1,1,2,3,0
869,THREE-族269,THREE,52.5964,1,2,1,4,0
870,THREE-族270,THREE,126.3114,2,4,4,6,0
871,THREE-族271,THREE,294.7637,4,6,7,7,0
872,THREE-族272,THREE,158.3527,3,6,7,7,0
873,THREE-族273,THREE,130.5535,3,5,6,6,0
874,THREE-族274,THREE,14.0796,9,13,13,15,0
875,THREE-族275,THREE,62.9731,4,7,8,9,0
876,THREE-族276,THREE,297.6254,5,7,7,7,0
877,THREE-族277,THREE,142.7314,1,2,2,3,0
878,THREE-族278,THREE,83.5176,1,1,1,3,0
879,THREE-族279,THREE,58.6295,2,4,5,6,0
880,THREE-族280,THREE,78.6563,5,7,8,8,0
881,THREE-族281,THREE,112.7199,3,5,6,7,0
882,THREE-族282,THREE,17.4851,3,5,6,7,0
883,THREE-族283,THREE,144.6387,1,2,3,4,0
884,THREE-族284,THREE,111.0641,2,2,2,4,0
885,THREE-族285,THREE,271.494,2,2,3,4,0
886,THREE-族286,THREE,44.7586,1,1,2,3,0
887,THREE-族287,THREE,275.2368,4,7,9,9,0
888,THREE-族288,THREE,110.5512,2,3,4,5,0
889,THREE-族289,THREE,130.2301,1,1,1,3,0
890,THREE-族290,THREE,2270.5009,1,2,2,4,0
891,THREE-族291,THREE,204.8548,4,6,7,8,0
892,THREE-族292,THREE,101.2837,4,6,7,7,0
893,THREE-族293,THREE,32.8968,2,3,4,5,0
894,THREE-族294,THREE,31.6371,2,4,4,5,0
895,THREE-族295,THREE,16.611,2,4,5,6,0
896,THREE-族296,THREE,73.7349,3,6,6,8,0
897,THREE-族297,THREE,350.3098,3,7,8,9,0
898,THREE-族298,THREE,255.4144,2,4,4,6,0
899,THREE-族299,THREE,68.5223,5,8,8,8,0
900,THREE-族300,THREE,105.5115,3,3,2,4,0
